TotalSF,OverallQual,YearBuilt,YearRemodAdd,GrLivArea,LotArea,KitchenQual_2,BsmtUnfSF,BsmtFinSF1,CentralAir_1,SalePrice
3114,7,2003,2003,1710,8450,1,150,706,1,12.24769911637256
2984,6,1976,1976,1262,9600,0,284,978,1,12.109016442313738
3314,7,2001,2002,1786,11250,1,434,486,1,12.317171167298682
3115,7,1915,1970,1717,9550,1,540,216,1,11.849404844423074
4179,8,2000,2000,2198,14260,1,490,655,1,12.429220196836383
2638,5,1993,1995,1362,14115,0,64,732,1,11.870606902224587
4016,8,2004,2005,1694,10084,1,317,1369,1,12.634606283893019
3681,7,1973,1973,2090,10382,0,216,859,1,12.206077645517674
3194,7,1931,1950,1774,6120,0,952,0,1,11.774527900858468
2273,5,1939,1950,1077,7420,0,140,851,1,11.678448377988165
2464,5,1965,1965,1040,11200,0,134,906,1,11.771443882099637
4235,9,2005,2006,2324,11924,1,177,998,1,12.75130259456002
2176,5,1962,1962,912,12968,0,175,737,1,11.87757552297847
3828,7,2006,2007,1494,10652,1,1494,0,1,12.540761149388421
2858,6,1960,1960,1253,10920,0,520,733,1,11.964007453736912
2262,7,1929,2001,854,6120,0,832,0,1,11.790564777297387
2488,6,1970,1970,1004,11241,0,426,578,1,11.91170829631447
1812,4,1967,1967,1296,10791,0,0,0,1,11.407576060361786
2804,5,2004,2004,1114,13695,1,468,646,1,11.976665770490767
2662,5,1958,1965,1339,7560,0,525,504,1,11.842236406331555
4387,8,2005,2006,2376,14215,1,1158,0,1,12.692506186542177
2025,7,1930,1950,1108,7449,1,637,0,1,11.845109950883979
4106,8,2002,2002,1795,9742,1,1777,0,1,12.345838935721968
2672,5,1976,1976,1060,4224,0,200,840,1,11.774527900858468
2390,5,1968,2001,1060,8246,1,204,188,1,11.944714374881176
4056,8,2007,2007,1600,14230,1,1566,0,1,12.454107814022272
2376,5,1951,2000,900,7200,1,180,234,1,11.811554895830454
4180,8,2007,2008,1704,11478,1,486,1218,1,12.631343648903034
3403,5,1957,1997,1600,16321,0,207,1277,1,12.242891437918386
1280,4,1927,1950,520,6324,0,520,0,0,11.134603622683905
2216,4,1920,1950,1317,8500,0,649,0,0,10.596659732783579
2727,5,1966,2006,1228,8544,1,1228,0,1,11.914054519303125
2952,8,2007,2007,1234,11049,1,1234,0,1,12.100161978566867
3545,5,1959,1959,1700,10552,1,380,1018,1,12.016732516077072
3678,9,2005,2005,1561,7313,1,408,1153,1,12.533579815765737
4260,8,2004,2005,2452,13418,1,1117,0,1,12.6410997921206
2866,5,1994,1995,1097,10859,0,1097,0,1,11.884495917930655
3092,5,1954,1990,1297,8532,0,84,1213,1,11.938199736300925
2360,5,1953,2007,1057,7922,1,326,731,1,11.599112335481124
1152,4,1955,1955,1152,6040,0,0,0,0,11.314486721293981
2852,6,1965,1965,1324,8658,0,445,643,1,11.982935344196433
2986,5,1959,1959,1328,16905,0,383,967,1,12.04355959836804
2228,5,1983,1983,884,9180,1,0,747,1,11.87757552297847
2184,5,1975,1980,938,9200,0,167,280,1,11.777218637129327
2600,5,1959,1959,1150,7945,0,465,179,1,11.856522261533737
4080,9,2005,2005,1752,7658,1,1296,456,1,12.675766851909591
4253,7,2003,2003,2149,12822,1,83,1351,1,12.387089184491993
4138,8,2006,2006,1656,11096,1,1632,24,1,12.428019481065613
2188,4,1920,2008,1452,4456,0,736,0,1,11.635151947212842
2296,5,1966,1966,955,7742,0,192,763,1,11.751950239425476
2652,6,1997,1997,1470,13869,0,612,182,1,12.083910661257521
2160,6,1934,1950,1176,6240,0,816,0,1,11.648338835562747
2148,5,1963,1963,816,8472,0,0,104,0,11.608244735642321
4578,9,1981,1987,1842,50271,1,32,1810,1,12.861001210669146
2316,5,1955,1955,1360,7134,0,0,384,1,11.775297421715827
3426,6,1964,1964,1425,10175,0,935,490,1,12.103491596905931
3189,8,1999,2000,1739,2645,1,321,649,1,12.058158312538197
3145,7,2004,2004,1720,11645,1,860,0,1,12.188422799337028
4996,10,2006,2006,2945,13682,1,1410,0,1,12.991755706536901
1912,5,1972,1972,780,7200,0,148,632,1,11.735276702486741
2892,6,2004,2004,1158,13072,1,217,941,1,11.970356641102999
1929,5,1920,1996,1111,7200,0,530,0,0,11.522885696764481
3224,8,2006,2006,1370,6442,1,1346,24,1,12.218500103788143
2766,7,1921,1950,1710,10300,0,576,0,1,11.849404844423074
3736,7,1997,1998,2034,9375,1,318,739,1,12.299112067295642
4468,8,2004,2005,2473,9591,1,1143,0,1,12.666660207428574
4730,7,1970,1989,2207,19900,0,1035,912,1,12.100717685412471
3490,7,2003,2003,1479,10665,1,440,1013,1,12.328294703023394
1714,4,1945,1950,747,4608,0,747,0,1,11.289794413577894
4258,7,1953,1953,2287,15593,0,701,603,1,12.323860125621126
4962,7,1973,1973,2223,13651,0,343,1880,1,12.404927602627597
2050,4,1982,2006,845,7599,0,280,565,1,11.771443882099637
2977,7,1998,1998,1718,10141,0,832,0,1,12.128116509451258
2662,5,1954,2003,1086,10200,0,404,320,1,11.88380602959621
2824,3,1915,1950,1605,5790,0,840,0,0,11.58432477200052
1747,4,1973,1973,988,1596,0,0,462,1,11.418625774449598
2187,4,1956,1956,952,8475,0,724,228,1,11.818577604251555
2197,5,1948,2001,1285,8635,0,295,336,1,11.751950239425476
3536,4,1968,1968,1768,10778,0,1768,0,0,11.824087219587643
2110,5,1910,1981,1230,10440,0,440,0,1,11.608244735642321
3547,6,1968,1968,2142,13000,1,448,448,1,12.173037959397275
2979,6,1998,1998,1337,4500,0,36,1201,1,11.941462360646149
3884,8,2007,2007,1563,10206,1,1530,33,1,12.409017571151187
2591,5,1960,1960,1065,8892,0,1065,0,1,11.748005492256807
2258,7,1995,1996,1474,8530,0,384,0,1,12.034696963475044
4167,8,1991,1992,2417,16059,1,1288,0,1,12.468440756144114
2644,6,2005,2005,1560,11911,1,684,0,1,12.066816325306588
2364,6,2009,2009,1224,3951,1,612,0,1,12.010671928196443
2026,3,1915,1982,1526,8470,0,1013,0,0,11.350418300109132
1980,4,1994,1995,990,8070,0,402,588,1,11.724813914587886
1460,4,1950,1950,1040,7200,0,0,0,1,11.60733523953139
2950,5,1961,1961,1235,8500,0,635,600,1,11.498836682527127
2272,5,1921,2006,964,13360,0,163,713,1,12.004574385508691
4011,6,1910,1998,2291,7200,0,168,1046,0,11.804855999911272
3294,6,1997,1997,1786,9337,1,176,648,1,12.229549885708273
2570,6,1993,1993,1470,9765,0,370,310,1,12.128116509451258
3648,7,1999,1999,1588,10264,1,426,1162,1,12.273735966890268
2352,4,1965,1965,960,10921,0,440,520,1,11.459007676978688
1659,5,1920,1950,835,10625,0,350,108,0,11.326607934898927
2175,4,1959,1959,1225,9320,0,381,569,1,11.767187766223199
3700,6,1977,2001,1610,10603,1,410,1200,1,12.230770136157428
2949,6,1985,1985,1732,9206,1,741,0,1,12.08954444723597
1945,5,1979,1979,1535,7018,0,0,0,1,11.68658461118553
3192,7,2009,2009,1226,10402,1,1226,0,1,12.200562492481511
3098,7,1931,1950,1818,7758,0,816,224,1,12.040614105490253
3693,8,2003,2004,1992,9375,1,1053,0,1,12.429220196836383
1961,4,1885,1995,1047,10800,0,641,0,1,11.51293546492023
1828,5,1948,1950,789,6000,0,516,104,1,11.652696102959753
2310,5,1919,2005,1517,8500,0,793,0,0,11.652696102959753
4234,6,1977,1977,1844,11751,0,1139,705,1,12.154784614286667
3174,6,1954,1972,1855,9525,0,550,444,1,11.827013315851762
2214,7,2000,2000,1430,7750,0,134,250,1,12.100717685412471
4752,7,2007,2007,2696,9965,1,280,984,1,12.85832230788469
4518,6,1953,1953,2259,21000,1,905,35,1,12.28765724080691
3528,6,1945,2002,2320,7259,1,104,774,1,12.466515835145202
2627,6,1999,1999,1458,3230,0,310,419,1,12.07824495582233
2472,5,1962,1962,1092,11616,0,252,170,1,11.842236406331555
2680,5,2006,2007,1125,8536,0,1125,0,1,11.951186847493476
5489,7,1990,1990,3222,12376,1,203,1470,1,12.676079399771027
2574,6,2005,2006,1456,8461,1,728,0,1,12.0075668272517
2466,6,1969,1969,988,21453,0,0,938,1,12.100717685412471
2119,4,1939,1950,1123,6060,0,732,0,1,11.51293546492023
2448,6,1958,1958,1080,9464,0,510,570,1,11.820417517632333
2928,6,1993,1993,1199,7892,1,899,300,1,11.944064817531656
3383,6,1979,1998,1586,17043,0,1362,0,1,12.10625783509458
1040,6,1935,1982,754,6780,0,30,490,0,11.344518647594766
2476,6,1976,1976,958,4928,0,958,120,1,11.759793355371237
1512,5,1930,1950,840,4388,0,556,116,1,11.373674891823535
2461,6,1966,1966,1348,7590,0,148,512,1,11.951186847493476
2811,5,1958,1991,1053,8973,1,413,567,1,11.918397239722838
3568,7,1966,1966,2157,14200,1,479,445,1,12.328294703023394
3436,6,2000,2000,2054,12224,1,297,695,1,12.404927602627597
3014,5,1959,2002,1327,7388,1,658,405,1,11.923384748066601
3034,8,2001,2002,1296,6853,1,262,1005,1,12.301387370778713
3622,5,1968,1993,1721,10335,0,891,570,1,12.100717685412471
3516,7,1970,1970,1682,10400,0,1304,0,1,12.066816325306588
2746,5,1967,1967,1214,10355,0,519,695,1,11.870606902224587
4632,7,1988,1989,1959,11070,0,1907,0,1,12.049424683420915
3516,8,1999,2000,1852,9066,1,336,668,1,12.345838935721968
3162,6,1997,1997,1764,15426,1,107,821,1,12.352339472153524
1728,4,1971,1971,864,10500,0,432,432,1,11.652696102959753
4128,7,2005,2005,1734,11645,1,434,1300,1,12.468440756144114
3015,5,1952,1952,1385,8520,0,403,507,1,12.019749091416921
3568,7,1999,1999,1501,10335,1,811,679,1,12.225880174775122
3960,5,1963,1963,1728,9100,0,396,1332,1,11.736077016252437
3059,6,2004,2006,1709,2522,1,970,0,1,11.775297421715827
1770,5,1931,1993,875,6120,0,506,209,1,11.561725152903833
3353,7,2001,2001,2035,9505,1,884,0,1,12.312686874960354
2160,7,2004,2005,1080,7500,1,400,680,1,11.856522261533737
2480,5,1936,1950,1344,6240,0,896,0,1,11.652696102959753
2378,5,1975,1975,969,10356,0,253,716,1,11.711784520403112
4286,8,2007,2008,1710,13891,1,310,1400,1,12.827731880206521
3313,6,1971,1971,1993,14803,0,409,416,1,12.154784614286667
3418,6,1960,1975,1252,13500,0,93,429,1,12.367345048436391
2712,6,1923,1950,1200,11340,0,1200,0,1,11.736077016252437
1668,6,1924,1950,1096,9600,0,572,0,0,11.277215789596893
1665,5,1950,1950,1040,7200,0,0,0,1,11.603688960617083
3422,8,2009,2010,1968,12003,1,774,0,1,12.504327379899443
3616,7,2004,2005,1947,12552,1,769,222,1,12.448630513463613
4430,7,2005,2006,2462,19378,1,1335,57,1,12.676079399771027
2980,6,1984,1984,1232,11120,0,572,660,1,11.998439434579149
4966,9,2003,2004,2668,13688,1,556,1016,1,12.929993908996359
3614,7,2005,2005,1541,12182,1,340,1201,1,12.301387370778713
1764,4,1956,1956,882,5500,0,882,0,1,11.544433821905134
2981,6,1926,2004,1616,5400,1,779,370,1,11.931642378754141
1999,5,1940,1999,1355,10106,0,112,351,1,11.755879486687116
3787,5,1955,1993,1867,10708,0,470,379,1,12.154784614286667
4532,8,2007,2007,2161,10562,1,294,1288,1,12.693501691489768
3000,7,2004,2004,1720,8244,1,840,0,1,12.119975396053194
3904,8,1981,1981,1707,16669,0,1686,0,1,12.337105293891872
2234,5,1941,1950,1382,12358,0,360,360,1,11.763691965388299
3264,6,1960,1960,1656,31770,0,441,639,1,12.278397958261774
3335,7,1987,1987,1767,5306,1,354,495,1,12.384223015005313
3228,6,1961,1961,1362,10197,0,700,288,1,12.001511614739405
3873,6,1986,1986,1651,12416,0,0,1398,1,12.122696471358964
3936,6,1950,2001,2158,12615,1,725,477,1,12.400820837540556
3732,6,1988,1989,2060,10029,0,320,831,1,12.259618151783465
3423,5,1958,1958,1920,13650,1,554,57,1,12.058158312538197
5616,9,2008,2009,2234,17423,1,312,1904,1,13.126032637428713
2416,5,1923,2006,968,8520,0,968,0,1,11.51293546492023
2721,6,2000,2000,1525,2117,1,320,436,1,12.083910661257521
2811,7,1920,1950,1802,7588,0,441,352,1,12.206577518060588
1592,5,1957,2006,1340,9060,0,0,0,1,11.695255355062795
3928,7,2003,2003,2082,11426,1,1362,0,1,12.206077645517674
2332,5,1908,1991,1252,7438,0,504,0,1,11.751950239425476
4983,10,1892,1993,3608,22950,1,1107,0,1,13.07107218827772
2902,7,1990,1991,1217,9947,1,577,611,1,12.06105265381003
2352,5,1916,1987,1656,10410,0,660,0,1,11.813037464800539
2838,5,1979,1979,1224,7018,0,0,1086,1,11.940399914116648
3868,8,2001,2002,1593,4923,1,440,1153,1,12.563750586299374
4020,8,1932,1994,2727,10570,1,556,297,1,12.660331092405906
2688,7,1972,2004,1479,7472,1,99,626,1,12.122696471358964
3528,7,1999,1999,1431,9017,1,871,560,1,12.165255859329688
3059,7,2004,2004,1709,2522,1,970,0,1,11.775297421715827
2080,5,1972,1972,864,7180,0,474,390,1,11.751950239425476
2751,6,1976,1976,1456,2280,0,289,566,1,11.908346971208951
4238,7,2007,2007,1726,9416,1,600,1126,1,12.650351332641707
4875,8,1918,1990,3112,25419,1,140,1036,1,12.367345048436391
2613,6,1912,1950,2229,5520,0,755,0,1,11.552155793461898
4282,8,2004,2005,1713,9591,1,625,1088,1,12.524166311833152
2682,4,2003,2004,1121,8546,0,1121,0,1,11.849404844423074
2948,6,1977,1977,1279,10125,0,276,641,1,12.052344376474922
2325,6,1924,1950,1310,7000,0,0,617,1,11.626263078808801
2116,6,2004,2004,848,4438,1,186,662,1,11.91170829631447
2244,5,1947,1950,1284,3500,0,408,312,1,11.608244735642321
3366,7,1990,1990,1442,11851,0,1424,0,1,12.103491596905931
3185,5,1962,1962,1696,13673,0,1140,0,1,11.87688084212164
2512,4,1960,1960,1100,12493,0,375,419,1,11.856522261533737
3673,7,1988,1989,2062,14364,0,92,1065,1,12.531776395271262
2688,6,1964,1964,1092,8250,0,305,787,1,11.884495917930655
1728,5,1925,1950,864,5604,0,396,468,0,11.49273296168228
2884,6,2009,2009,1212,10420,1,1176,36,1,12.133507329024972
3396,7,2009,2009,1852,8640,1,78,822,1,12.439875187430008
2556,5,1995,1995,990,13568,0,274,716,1,11.957617696467539
2380,6,1977,1977,1392,10900,0,311,378,1,11.993813394724253
2753,5,1957,1996,1236,10011,1,710,360,1,11.808955099378537
3356,7,2004,2004,1436,8450,1,490,946,1,12.25486757159303
2224,4,1925,1950,1328,9906,0,686,0,0,11.580593459194764
3183,7,1939,2006,1954,15660,1,457,341,1,12.649157827477366
2934,7,2005,2006,1248,3010,1,1232,16,1,12.027191164883384
3671,7,2006,2006,1498,8990,1,1498,0,1,12.230282214644559
3667,6,2002,2002,2267,8068,1,1010,0,1,12.206077645517674
2699,6,1975,1975,1552,11475,0,163,550,1,12.100161978566867
2304,4,1971,1971,864,10500,0,160,524,1,11.48247656671073
5752,10,2003,2003,2392,13472,1,2336,56,1,12.864242696187505
2212,5,1971,1971,1302,1680,0,630,0,1,11.626263078808801
4444,7,1995,1995,2520,9950,1,638,565,1,12.577639650232573
1750,6,1970,1970,987,1869,0,162,321,1,11.571203807011969
2160,5,1967,1967,912,8521,0,70,842,1,11.736077016252437
3358,7,2005,2006,1555,3182,1,1357,16,1,12.167856627501678
2700,6,1959,1959,1194,8760,0,1194,0,1,11.904974309480183
5066,8,1995,1996,2794,15138,1,773,689,1,12.90669432231532
1758,6,1972,1972,987,1680,0,483,0,1,11.456365695436427
2096,5,1976,1976,894,10650,0,0,182,1,11.761354623750297
3260,6,2002,2002,1960,7851,1,235,625,1,12.285350445351659
1734,6,1971,1971,987,1680,0,125,358,1,11.402005077384885
3322,7,2004,2004,1414,8773,1,1390,24,1,12.130815551850676
3197,7,1993,2003,1744,9453,1,594,402,1,12.178192583415596
4206,8,2007,2007,1694,12030,1,1694,0,1,12.669809806411457
2442,6,1945,1950,1487,8741,0,641,94,1,11.635151947212842
3882,8,2008,2008,1566,9000,1,488,1078,1,12.47801017053037
1552,5,1945,1997,866,3880,1,357,329,1,11.612779849672751
2332,5,1900,1950,1440,5000,0,540,0,0,11.277215789596893
2131,6,1980,1980,1217,10762,0,626,0,1,11.695255355062795
3521,7,1994,2002,2110,8880,1,253,695,1,12.230770136157428
4321,7,1988,1988,1872,10400,0,916,929,1,12.394628892852941
3388,6,1910,1950,1928,9142,0,1020,0,0,11.827743504053695
3193,6,1954,1954,1375,11310,0,1367,0,1,11.849404844423074
3008,7,2003,2003,1668,11317,1,840,0,1,12.100717685412471
3977,6,1958,2006,2144,159000,1,747,697,1,12.531776395271262
2034,3,1940,1966,1306,5350,0,728,0,1,11.245059091624615
3736,8,2006,2007,1625,4750,1,0,1573,1,12.367345048436391
2958,6,2004,2004,1640,8366,1,798,0,1,12.06105265381003
2913,6,1964,1991,1302,9350,1,452,270,1,11.970356641102999
2922,5,1957,1957,1314,8400,0,392,922,1,11.884495917930655
3695,7,1999,1999,2291,8738,1,975,0,1,12.345838935721968
3265,6,2003,2003,1728,8791,1,361,503,1,12.242891437918386
3868,7,2006,2006,1604,8814,1,270,1334,1,12.301387370778713
3319,7,2001,2001,1792,12435,1,602,361,1,12.352339472153524
1190,5,1956,1956,882,12702,0,0,0,1,11.48247656671073
3628,6,1962,1962,1382,19296,0,0,672,1,12.07824495582233
4924,8,2007,2007,2574,9588,1,1482,0,1,12.52815976788113
2210,6,1977,1995,1212,8471,0,0,506,1,11.92504173829169
2336,5,1929,2001,1316,5500,0,0,234,1,11.775297421715827
1948,5,1925,2004,764,5232,0,680,0,0,11.19822841866684
3420,6,1981,1981,1422,12090,1,606,588,1,12.075400019877522
2726,6,1997,1997,1511,11207,0,88,714,1,12.128116509451258
2732,5,1939,1997,2192,8400,1,342,378,1,12.097936057925594
2442,5,1940,1955,778,6900,0,212,403,1,11.699413330633599
2760,6,1976,1976,1113,7917,0,392,751,1,11.904974309480183
4087,8,2006,2006,1939,10728,1,1095,0,1,12.491255347155265
3187,7,1954,2005,1363,39104,0,96,226,1,12.394628892852941
4093,8,1999,2007,2270,11764,1,628,524,1,12.577639650232573
3210,6,1958,1988,1632,9600,0,0,620,1,11.842236406331555
1896,5,1982,1982,816,8314,0,270,546,1,11.732069026983156
3172,7,1925,2007,1548,7264,1,952,0,0,12.230770136157428
3693,7,2003,2003,1560,9196,1,1560,0,1,12.211065162153215
2128,4,1951,1951,864,19138,0,744,120,1,11.856522261533737
4974,9,2006,2007,2121,14450,1,2121,0,1,12.936754021718041
3687,7,1977,1977,2022,10005,0,768,392,1,12.165255859329688
3364,7,1989,1989,1982,11287,1,386,421,1,12.339295865674435
3096,6,2006,2006,1262,7200,1,357,905,1,12.128116509451258
3254,7,2007,2008,1314,5063,1,410,904,1,12.242891437918386
3834,8,2008,2009,1468,9612,1,1468,0,1,12.407383590534293
3679,6,1992,1992,1575,8012,1,1145,430,1,12.09626335986454
2403,7,2006,2007,1250,4251,1,625,0,1,12.011886987792716
3086,6,1962,1981,1734,9786,1,312,600,1,11.976665770490767
1716,4,1971,1971,858,8125,0,244,614,1,11.385103457032141
2062,5,1967,1967,900,9819,0,432,450,1,11.711784520403112
2478,6,1915,2003,1396,8730,0,698,0,1,11.941950837487406
3683,8,2006,2006,1919,15611,1,1079,0,1,12.359784657728284
2496,5,1912,2000,1716,5687,0,570,210,0,11.819681958463892
2765,5,1949,2008,1716,11409,0,476,292,1,11.782960235741939
3597,7,1977,1994,2263,16659,1,0,795,1,12.367345048436391
3478,6,1953,1953,1644,9600,0,131,1285,1,12.025755079404917
2594,6,1984,1984,1003,7937,0,184,819,1,11.86710429621008
2750,5,1950,1950,1558,13710,0,490,420,1,11.931642378754141
3501,7,1997,1998,1950,7399,1,326,649,1,12.384223015005313
2984,6,1968,1968,1743,11700,0,143,384,1,12.07254696717504
2544,6,1950,2004,1152,14000,1,1092,0,1,11.973516181427835
2876,5,1953,1953,1336,15750,0,324,841,1,11.964007453736912
4163,8,1998,1999,2452,16226,1,747,281,1,12.495007682693725
3925,7,2001,2002,1541,13704,1,1541,0,1,12.230770136157428
2340,5,1972,1972,894,9800,0,0,894,1,11.917730355182513
5833,7,1880,2002,3493,18386,1,1470,0,1,12.59473402514672
4888,8,2004,2005,2000,10386,1,536,1464,1,12.631016799175821
3689,7,1990,1991,2243,13474,1,0,700,1,12.323860125621126
1725,6,1920,1950,1406,7920,0,319,0,1,11.402005077384885
2261,4,1940,1950,861,12342,0,599,262,1,11.320565693461432
4548,9,2003,2004,1944,12378,1,622,1274,1,12.793862088206213
2618,6,1993,1994,1501,7685,1,179,518,1,12.017336559562407
2184,6,1948,2002,972,8000,0,292,680,1,11.790564777297387
2321,5,1939,1950,1118,7800,0,286,507,1,11.694421681264394
4685,7,1965,1965,2036,215245,0,80,1236,1,12.834683971615659
2915,7,1925,1990,1641,9600,1,712,16,1,12.08954444723597
2580,7,2004,2005,1432,7795,1,291,425,1,12.146858590895919
3682,7,1980,1980,2353,13005,1,153,692,1,12.468440756144114
4072,8,2006,2006,1959,9000,1,1088,0,1,12.506180941677357
4649,7,1993,1993,2646,9900,1,360,987,1,12.468440756144114
3432,7,1980,1980,1472,14115,0,336,1036,1,12.141539457711714
4685,9,2006,2006,2596,16259,1,1249,0,1,12.74444728628135
4476,8,2004,2004,2468,12099,1,166,970,1,12.777055016970678
4808,7,1986,1987,2730,10380,1,0,28,1,12.614868865984631
2545,3,1955,2005,1163,5820,0,906,256,1,11.745433036677353
4252,7,1967,2007,2978,11275,1,710,0,1,12.396697137361691
1883,5,1941,1950,803,5000,0,604,116,0,11.373674891823535
3911,8,1993,1993,1719,10846,1,100,1619,1,12.688501881189456
3058,6,1960,1960,1383,11600,0,818,565,1,11.886218559372042
3419,6,1916,1994,2134,11888,1,844,0,0,12.276069679344003
1977,5,1920,1950,1192,6402,0,596,0,0,11.264476926102367
3808,5,1964,1964,1728,10624,0,1424,40,1,11.686887175419702
2420,5,1958,1992,1056,8176,0,210,846,1,11.842236406331555
5715,8,2003,2004,1629,10655,1,1603,1124,1,12.556733038263905
3200,7,2004,2004,1358,8198,1,638,720,1,12.240478903153711
3053,6,1998,1998,1638,9042,0,115,828,1,12.165255859329688
3814,5,1965,1965,1786,164660,0,103,1249,1,12.34126328584159
4520,9,2005,2006,1922,14157,1,673,1249,1,12.841132451487937
3604,7,2002,2003,1536,9135,1,726,810,1,12.273735966890268
3269,7,1984,1998,1621,14145,1,995,213,1,12.218500103788143
2727,6,1958,1998,1215,12400,0,630,585,1,11.951186847493476
3306,8,2002,2002,1908,14191,1,967,0,1,12.220473454337986
1856,4,1950,1950,841,8400,0,721,0,1,11.314486721293981
1440,3,1949,1950,1040,8544,0,0,0,0,11.37940550085183
3932,9,2005,2005,1684,8849,1,1656,28,1,12.491255347155265
1984,5,1976,1976,1112,2592,0,175,129,1,11.350418300109132
2861,6,1939,1950,1577,6435,0,972,0,1,11.850832386224807
2217,6,1960,1998,958,12772,0,460,498,1,11.928347504569842
3454,6,1960,1960,1478,17600,0,208,1270,1,11.967187086434018
2864,7,2003,2004,1626,2448,1,191,573,1,11.944714374881176
5282,9,2005,2006,2728,20431,1,438,1410,1,12.988043102265232
4355,9,2007,2007,1869,7820,1,1869,0,1,12.670001611311875
3351,7,1986,1986,1453,5271,1,371,1082,1,12.154784614286667
1927,5,1941,1950,1111,9084,0,0,236,0,11.461642696843066
1828,6,1928,2003,720,8520,0,624,0,1,11.570259974415547
2775,6,1940,2000,1595,8400,0,552,388,1,11.849404844423074
2921,6,1995,1995,1200,11249,1,322,334,1,12.086731521684555
2725,6,1992,1992,1167,9248,1,598,560,1,12.06105265381003
2812,5,1976,1976,1142,4224,0,268,874,1,11.80560254159177
2702,5,1958,1958,1352,6930,1,468,300,1,11.775297421715827
3602,8,1998,1998,1924,12011,1,130,956,1,12.54254845357358
2270,6,1978,1978,912,7540,0,115,773,1,11.957617696467539
2628,5,1940,1982,1505,9144,0,484,399,1,11.884495917930655
2594,7,2003,2003,1922,7301,1,0,0,1,12.198549416880068
1734,6,1972,2007,987,1680,1,321,162,1,11.678448377988165
2936,6,1976,1976,1574,18800,0,84,712,1,12.154784614286667
2484,5,1920,1997,1344,10690,0,216,456,1,11.898194668458823
3302,6,1963,1963,1394,9500,0,785,609,1,11.976665770490767
2826,6,1962,1962,1431,9150,0,728,371,1,12.013706813470414
2780,5,1954,1954,1268,7800,0,728,540,1,11.790564777297387
2926,5,1959,2006,1287,9830,1,733,72,1,11.995357787034976
3077,6,2000,2000,1664,8121,0,953,0,1,12.057578437658945
2268,4,1959,1959,1588,17120,0,0,0,1,11.808821212646512
1760,6,1984,1984,752,7175,0,0,623,1,11.736077016252437
2197,5,1953,1953,1319,10634,0,0,428,1,11.719947764402807
3209,7,2003,2004,1928,8200,1,847,0,1,12.299112067295642
1587,1,1922,1950,904,10020,0,333,350,0,11.0186455364637
2360,5,1996,1996,914,8846,0,572,298,1,11.904974309480183
4656,8,2004,2005,2466,11143,1,1580,0,1,12.73670383776449
4546,9,2010,2010,1856,11394,1,411,1445,1,12.885204569609956
3245,6,2000,2000,1800,8123,0,982,0,1,12.095146671399466
3025,5,1924,1950,1691,5000,1,808,218,1,11.751950239425476
3166,7,2006,2006,1301,7200,1,1293,0,1,12.142871895843887
3375,7,2006,2006,1797,9245,1,939,0,1,12.271396795480596
1928,6,1928,1950,784,9000,0,784,0,0,11.23850177707664
4034,6,1992,1992,1953,53107,1,595,985,1,12.388398368982115
2955,8,2004,2005,1269,3182,1,1232,24,1,12.165255859329688
1842,5,1910,1996,1184,8410,0,658,0,1,11.302216779257382
2518,6,1976,1976,1125,7200,0,410,631,1,11.736077016252437
3524,7,1999,2000,1479,9382,1,1468,0,1,12.160033942617156
4860,10,2007,2008,2332,12474,1,402,1280,1,12.962196972666593
2612,5,1900,1950,1367,8405,0,229,241,1,11.686887175419702
3325,6,2001,2002,1961,12209,1,114,690,1,12.278397958261774
1176,5,1959,1959,882,8339,0,0,0,1,11.575909653758895
1576,4,1941,1950,788,7446,0,522,266,1,11.51293546492023
2009,5,1940,1950,1034,10134,0,735,0,1,11.599112335481124
2884,5,1956,1956,1144,9571,0,405,739,1,11.767575435251748
2388,5,1972,1972,894,7200,0,117,777,1,11.719947764402807
2940,5,1962,1962,1812,7590,0,324,540,1,12.040614105490253
2376,5,1920,1950,1077,8967,0,961,0,1,11.112462823634855
3080,7,2006,2007,1550,8125,1,280,812,1,12.392556361841777
3048,8,1996,1996,1288,14963,1,474,786,1,12.411056299528171
3020,7,2005,2005,1310,8767,1,1286,24,1,12.013646205940514
1584,5,1940,1997,672,10200,0,672,0,1,11.58989576532275
3824,8,1998,1998,2263,12090,1,1141,0,1,12.460718739865236
2751,6,1995,1996,1572,10364,0,806,0,1,12.031725210748633
3391,4,1976,1993,1620,9991,0,165,1116,1,11.918397239722838
2470,6,1936,1950,1639,10480,0,1064,0,1,11.652696102959753
2828,6,1915,1976,1680,15576,0,840,0,1,12.083910661257521
4182,7,2006,2006,2172,14154,1,1063,0,1,12.54254845357358
3948,8,2007,2008,2078,10800,1,245,789,1,12.73596827534975
2902,5,1958,1958,1276,9571,0,1276,0,1,11.002116507732017
2684,5,1955,1955,1056,34650,0,0,1056,0,11.884495917930655
3432,7,2009,2009,1478,4403,1,892,578,1,12.310437165348775
2396,5,1927,1950,1028,8960,0,1008,0,1,11.652696102959753
3855,7,1993,1993,2097,11228,1,499,50,1,12.337105293891872
3076,7,2007,2007,1340,8899,1,1316,24,1,12.106997888588934
2512,6,1978,1978,1400,7844,0,463,209,1,11.915058360753719
4858,6,1918,1950,2624,22420,0,242,1128,0,12.384223015005313
2130,5,1940,1950,1134,8160,0,444,312,0,11.744045122410057
2416,5,1968,1968,1056,8450,0,281,775,1,11.863589378812122
3472,7,1997,1998,1344,7060,0,35,1309,1,12.237091546357338
3733,6,1977,2000,1602,16635,1,356,1246,1,12.278397958261774
2496,5,1954,1954,988,21750,0,988,0,1,11.635151947212842
4796,8,1998,1998,2630,9200,1,484,986,1,12.660331092405906
2689,6,1956,1956,1196,9000,0,580,616,1,11.842236406331555
2280,7,1946,1992,1389,3378,0,651,0,1,11.813037464800539
3731,7,1989,1989,1644,12800,1,0,1518,1,12.524530013005734
2166,4,1957,1957,907,8593,0,619,288,1,11.599185726610004
3044,7,2007,2007,1208,6762,1,544,664,1,12.182809136284991
3380,6,1988,1988,1412,11457,1,387,1005,1,12.07254696717504
1734,6,1971,1971,987,1680,0,96,387,1,11.355113089309977
2099,6,1920,1998,1198,5586,0,901,0,1,11.288543647320601
2570,5,1971,1971,1365,1920,0,294,471,1,11.715874472198905
3000,6,1997,1998,1604,10839,0,926,0,1,12.10625783509458
1260,4,1972,1972,630,1890,0,135,495,1,11.302216779257382
3010,7,1996,1996,1661,10667,1,70,385,1,12.264346270624157
2206,6,1920,1950,1118,4400,0,648,0,1,11.661354090741
1968,6,1926,2004,904,6000,0,884,0,1,11.686887175419702
1486,5,1913,2002,694,4280,1,75,365,0,11.411457364027745
2408,6,1920,2000,1196,12354,1,684,0,1,11.608244735642321
6168,10,2008,2008,2402,15431,1,788,1767,1,13.22672519452875
2880,4,1955,1955,1440,12108,0,1307,133,0,11.678448377988165
3011,5,1930,1992,1573,6240,0,1078,0,1,12.000897933306716
3164,7,2006,2007,1258,3922,1,1258,0,1,12.058158312538197
3316,7,1994,1995,1908,8750,1,273,642,1,12.25486757159303
3605,6,1956,1956,1689,9855,0,1436,0,1,11.755879486687116
3983,6,1966,2002,1888,16492,1,557,247,1,12.154784614286667
3247,7,1998,1999,1886,11214,1,930,0,1,12.20557752297723
2354,6,1937,1950,1376,8600,0,780,0,1,11.691080018519527
2140,3,1948,2002,1183,6000,0,318,331,1,11.695255355062795
1896,6,1930,2005,813,5684,1,813,0,1,11.608244735642321
3642,7,1975,1975,1533,70761,1,878,655,1,12.54254845357358
3050,6,1996,1997,1756,9303,0,130,742,1,12.225880174775122
3034,8,2008,2008,1590,9000,1,768,0,1,12.25486757159303
4016,5,1976,1976,1728,9297,0,122,1606,1,12.144202560946876
3012,7,1973,1973,1242,9600,0,326,916,1,12.075400019877522
2481,5,1916,1950,1344,4571,0,624,0,0,11.49273296168228
3556,4,1954,1994,1663,53227,1,248,1116,1,12.45293662970407
2482,8,1925,1996,1666,5100,1,588,0,1,11.989165855127435
2264,5,1950,1950,1203,7015,1,524,185,1,11.608244735642321
3319,8,2009,2009,1935,8004,0,288,544,1,12.481565733211923
2271,7,1936,2007,1135,7200,1,0,350,1,11.951186847493476
2088,5,1965,1965,864,8281,0,0,553,1,11.04106411122238
2615,6,1934,1995,1660,11988,0,389,326,1,12.147919030759663
2080,5,1978,1978,1040,8430,0,424,616,1,11.728044909070785
3187,7,2004,2004,1414,3072,1,1375,0,1,12.093693109638318
3080,7,1970,1970,1277,10628,0,499,778,1,12.025755079404917
2684,5,1942,1995,1644,9480,1,342,386,1,11.89478753335453
4126,8,2006,2006,1634,11428,1,1626,0,1,12.429220196836383
3048,6,1993,1993,1710,9291,1,406,426,1,12.138869243416009
3518,8,1985,1985,1502,6820,1,0,368,1,12.264346270624157
3311,7,1977,1977,1969,11952,0,808,0,1,12.154784614286667
2144,6,2005,2005,1072,3675,0,88,459,1,11.904974309480183
4860,8,2006,2007,1976,14977,1,626,1350,1,12.994532278619134
3645,8,2000,2000,1652,5330,1,298,1196,1,12.433212202169729
2564,5,1963,1963,970,8480,0,340,630,1,11.794345471549745
3479,6,1997,1998,1493,13125,1,484,994,1,12.249615734512616
5490,9,2006,2006,2643,13693,1,2153,0,1,12.847929163278053
4249,8,2007,2008,1718,10637,1,417,1288,1,12.601490784782536
2710,4,1937,2000,1131,5925,0,739,168,1,11.401681006153428
4455,9,2004,2005,1850,16033,1,572,1261,1,12.694655727828803
4458,9,2003,2004,1792,11846,1,225,1567,1,12.832013750189885
2900,7,1915,2005,1826,2500,1,611,299,1,11.951186847493476
2834,6,1998,1998,1216,4500,0,319,897,1,12.00762780434872
2262,5,1962,2001,999,7758,1,411,588,1,11.794345471549745
2490,5,1950,2007,1113,9600,1,506,607,1,11.898194668458823
2661,5,1965,1965,1073,10289,0,237,836,1,11.957617696467539
3455,5,1971,1971,1484,12243,0,486,998,1,12.07254696717504
3888,5,1900,1970,2414,10800,0,290,664,0,11.982935344196433
1546,4,1970,2002,630,1526,1,115,515,1,11.362114203075018
1904,5,1976,1976,1304,2665,0,264,0,1,11.652696102959753
2624,6,1941,1950,1578,9490,0,238,403,1,11.798111925972618
2613,6,2006,2006,1456,15578,0,728,0,1,12.059809113551397
2846,5,1960,1960,1269,7931,0,363,374,1,11.951186847493476
1349,5,1938,1996,886,5784,0,190,0,1,11.421917019425596
1440,4,1920,1950,720,7879,0,225,495,0,10.460270761075149
6974,8,1992,1993,3228,12692,1,1969,1231,1,12.971542813248437
3086,7,1925,1950,1820,9120,0,697,329,1,12.122696471358964
2051,5,1967,2004,899,7800,1,414,450,1,11.775297421715827
2121,5,1958,1985,912,7535,0,522,111,1,11.695255355062795
2154,6,1973,1973,1218,1890,0,316,356,1,11.635151947212842
3237,7,2005,2005,1768,9803,1,466,400,1,12.331387247601905
2889,5,1965,1965,1214,9170,0,420,698,1,11.849404844423074
3786,7,1959,1997,1801,15602,0,254,1247,1,12.574185427296195
2617,6,1974,1974,1322,2308,0,103,257,1,11.898194668458823
3320,5,1952,1952,1960,7596,0,960,0,1,11.732069026983156
3159,8,1993,1994,1911,9554,1,397,380,1,12.278397958261774
3112,6,2009,2009,1218,7862,1,1191,27,1,12.246739428005663
2427,7,1928,2005,1378,9600,1,548,141,1,11.989165855127435
2352,5,1959,1959,1041,9600,0,50,991,1,11.732069026983156
2659,5,1951,2000,1363,14559,0,178,650,1,12.013100572810686
3210,7,2005,2006,1368,6792,1,1368,0,1,12.2193145828011
2352,5,1958,1958,864,9100,0,169,521,1,11.774527900858468
2648,6,1983,1983,1080,9187,0,748,336,1,11.80560254159177
1757,5,1926,1950,789,10594,0,768,0,0,11.477308649967686
4926,10,2009,2009,2020,12220,1,570,1436,1,12.90634935052389
3391,6,1972,1972,2119,10448,0,689,0,1,11.970356641102999
4497,7,1996,1997,2344,10208,1,1264,0,1,12.487488878546145
3136,6,1998,1998,1796,9531,0,88,706,1,12.259618151783465
3638,7,1926,2004,2080,10918,1,1276,0,1,12.36308066783498
1294,4,1900,2000,1294,10800,0,0,0,0,11.573559498507079
2824,6,1957,1957,1244,11988,0,467,777,1,11.918397239722838
3088,6,1947,1950,1664,5000,0,605,399,1,11.976665770490767
8698,10,2007,2008,4676,40094,1,878,2260,1,12.126764251515691
4611,7,1996,1997,2398,11787,1,660,719,1,12.662709207270272
2976,7,2005,2005,1266,7500,1,1257,0,1,12.07824495582233
2108,5,1956,2000,928,13300,0,551,377,1,11.790564777297387
5023,9,2008,2008,2713,14948,1,122,1330,1,13.008661502470739
1133,4,1920,2002,605,9098,0,180,348,1,11.362114203075018
5034,6,1957,1975,2515,32668,0,816,1219,1,12.209192772866418
3570,6,1988,1989,1509,10200,1,678,783,1,12.07254696717504
2475,6,1920,1999,1362,6155,0,611,0,1,11.759793355371237
1219,5,1955,2007,827,7200,0,0,0,1,11.58525542883217
334,1,1946,1950,334,5000,0,0,0,0,10.579005242826247
2524,8,2004,2004,1414,9056,1,707,0,1,12.08954444723597
2464,5,1910,1991,1347,7000,0,148,969,1,11.58525542883217
3131,7,1998,1999,1724,8924,1,880,0,1,12.144202560946876
2304,4,1972,1972,864,12735,0,264,600,1,11.619544188752133
2546,5,1968,1968,1159,11553,0,378,673,1,11.970356641102999
3852,8,2001,2002,1601,11423,1,223,1358,1,12.513561021741964
4441,9,2006,2006,1838,14601,1,578,1260,1,12.660331092405906
3902,8,2000,2000,2285,11000,1,969,0,1,12.421188057397055
3913,7,1998,1999,1680,10140,1,379,144,1,12.270225154674701
1857,7,1998,1998,767,4058,0,0,584,1,11.798111925972618
2576,7,2006,2006,1496,17104,1,100,554,1,12.098854850641
4173,7,1988,1988,2183,13837,1,0,1002,1,12.34148164933907
3140,6,1923,1950,1635,8737,0,765,300,1,12.25486757159303
2160,5,1970,1970,768,7244,0,149,619,1,11.771443882099637
2370,5,1955,1995,825,8235,0,0,180,1,11.736077016252437
3621,7,2003,2004,2094,9375,1,912,0,1,12.479913113434042
2578,6,1977,1977,1069,4043,0,510,559,1,11.849404844423074
2144,5,1957,1957,928,6000,0,620,308,1,11.630717389475995
4334,8,2006,2006,1717,11146,1,1709,0,1,12.450981602512561
1646,4,1949,2003,1126,8777,1,0,0,1,11.58989576532275
3915,7,2003,2004,2046,10625,1,132,866,1,12.556733038263905
2321,5,1922,1950,1048,6380,0,993,0,1,11.635151947212842
2483,5,1957,1957,1092,14850,0,197,895,1,11.856522261533737
2543,4,1920,1950,1336,11040,0,0,637,1,11.58989576532275
2581,7,1996,1997,1446,21872,0,125,604,1,12.07254696717504
3351,7,2003,2004,1557,3196,1,1374,0,1,12.36308066783498
3312,5,1957,1996,1392,11341,0,90,1302,1,11.707677772181546
3196,5,1974,1975,1389,10010,0,195,1071,1,12.04355959836804
1992,5,1940,1969,996,13907,0,706,290,1,11.58989576532275
3233,6,1918,1950,1674,21780,0,1163,0,1,12.128116509451258
3980,7,1992,2000,2295,13346,1,367,728,1,12.498745990829315
2669,6,1915,1950,1647,6858,0,806,0,0,11.759793355371237
4282,9,2005,2007,2504,11198,1,1122,0,1,12.691583538230217
3584,7,2004,2004,1535,10171,1,1515,2,1,12.273735966890268
4240,8,1983,2009,2132,12327,1,55,1441,1,12.665397584983758
2486,5,1979,1979,943,7032,0,0,943,1,11.820123358887447
4032,5,1965,1965,1728,13101,0,1497,231,1,11.867805799560465
2016,6,1959,1959,864,7332,1,450,414,1,11.695255355062795
3188,7,2009,2009,1692,13159,1,846,0,1,12.32163544049751
2214,7,2000,2000,1430,9967,0,384,0,1,12.04355959836804
1769,5,1971,2005,1109,10500,0,23,349,1,11.842236406331555
2384,5,1947,1950,1216,8480,0,390,442,1,11.682676678340282
2554,7,1928,1950,1477,6292,0,861,0,1,11.884495917930655
3048,5,1966,1966,1320,11777,0,285,328,1,12.010671928196443
2621,7,2007,2007,1392,3604,1,689,0,1,11.891368749982085
3197,5,1954,1954,1795,12150,0,1050,0,0,11.78676973513378
3145,6,1960,1987,1429,14585,1,331,594,1,12.111217862017215
5474,8,2008,2009,2042,12704,1,2042,0,1,12.442306148381938
1632,6,1990,1990,816,11841,0,0,816,1,11.682676678340282
4892,10,1893,2000,2775,13500,1,1237,0,1,12.691583538230217
2697,4,1935,1995,1573,6120,1,884,0,1,11.798111925972618
4776,8,2005,2006,2028,11443,1,408,1460,1,12.820990681250251
1929,6,1918,2000,838,10267,0,0,210,1,11.775297421715827
2228,5,1982,1982,860,8740,0,168,672,1,11.827743504053695
3362,5,1968,2003,1473,25095,1,113,1324,1,11.870606902224587
1829,5,1930,1960,935,9100,0,742,0,1,11.283524879179666
2872,7,2004,2004,1582,8320,1,280,490,1,12.132969552931216
4860,10,2008,2008,2296,13478,1,384,1338,1,13.02132904585825
2448,5,1982,2003,816,6600,0,0,816,1,11.835016210489899
2116,6,2003,2003,848,4435,1,163,685,1,11.849404844423074
2128,5,1975,1975,924,7990,0,924,0,1,11.608244735642321
4398,8,2005,2006,1826,11302,1,392,1422,1,12.672949516558306
2268,6,1910,1993,1368,3600,0,684,0,0,11.648373769145277
3308,7,2006,2007,1402,3922,1,1258,0,1,12.176654133447505
3698,5,1977,1977,1647,12984,1,0,1283,1,12.289958727201455
2724,6,1980,1980,1556,1950,0,23,81,1,11.92504173829169
3698,8,2005,2005,1904,10927,1,512,546,1,12.524530013005734
2699,6,1937,1950,1375,9000,1,780,0,1,11.856522261533737
3329,8,1992,1992,1915,10041,1,119,789,1,12.301387370778713
2280,7,2004,2005,1200,3182,1,600,0,1,11.92504173829169
3518,7,2002,2002,1494,12803,1,572,922,1,12.30592250537653
3240,7,1965,1990,1986,13600,0,314,454,1,12.230770136157428
2656,5,1996,1996,1040,12464,1,308,732,1,11.931642378754141
3134,5,1948,2002,2008,7800,1,293,603,1,12.323860125621126
4539,8,1934,1998,3194,12168,0,537,428,1,12.791358964949923
2319,4,1961,1961,1029,7943,0,126,903,1,11.682676678340282
4329,9,2000,2000,2153,11050,1,536,904,1,12.653961664405365
2628,6,1978,1978,1032,10395,0,427,605,1,11.904974309480183
3702,8,2001,2001,1872,11885,1,309,990,1,12.474193386571581
2240,5,2007,2007,1120,8402,0,914,206,1,11.898194668458823
1260,4,1972,1972,630,1491,0,0,150,1,11.231901180182515
2470,6,1963,1963,1054,8800,1,173,763,1,11.83138646878959
2685,6,2002,2003,1509,7861,1,326,457,1,12.118339189722553
2192,6,1954,1954,832,7227,1,832,0,1,11.566475710526321
4424,9,2007,2007,1828,11694,1,1774,48,1,12.659737267217572
4493,8,2003,2003,2262,12244,1,611,871,1,12.628070334272698
1728,3,1914,1950,864,8248,0,823,41,0,11.112462823634855
4760,6,1974,1997,2614,10800,0,384,956,1,12.388398368982115
2444,5,1977,1977,980,7064,0,420,560,1,11.813037464800539
2708,6,2000,2000,1512,2117,1,336,420,1,12.034696963475044
3006,6,1972,1972,1790,10400,0,485,247,1,12.014615485902027
2672,6,1962,1962,1116,10000,0,1116,0,1,11.982935344196433
2686,5,1960,1978,1422,12342,0,978,0,1,11.848690308590857
3040,6,1955,1972,1520,9600,0,350,674,1,11.938199736300925
3624,5,1969,1969,2080,11606,0,390,650,1,11.813037464800539
3118,6,1964,1964,1350,9020,0,288,624,1,12.034696963475044
2626,5,1880,1991,1750,9000,1,636,0,1,11.728044909070785
3735,8,2006,2006,1554,4590,1,1530,24,1,12.252483791602627
3341,7,1977,1977,1411,11900,0,564,822,1,11.320565693461432
2372,5,1954,2005,1056,9250,0,108,480,1,11.845109950883979
2688,6,1980,1980,1056,6979,0,0,1056,1,11.87757552297847
4320,6,1914,1995,3395,10896,0,1184,256,1,12.206077645517674
1064,2,1936,1950,800,6120,0,264,0,0,11.002116507732017
2454,5,1954,1954,1387,6000,1,811,0,1,11.440365524765756
1592,5,1910,1950,796,8777,0,796,0,1,11.350418300109132
3735,8,2006,2006,1567,3982,1,366,1154,1,12.485830907348902
3624,8,2003,2004,1518,12677,1,300,1218,1,12.520887034998584
3636,7,2001,2001,1929,7050,1,319,738,1,12.328294703023394
5194,8,1972,1995,2704,13860,1,542,1410,1,12.75130259456002
2862,5,1969,1969,1620,10793,0,0,493,1,11.931642378754141
4010,9,2009,2009,1766,9187,1,645,1121,1,12.823631142839984
2538,6,1971,1971,981,10530,0,664,282,1,11.872353615355413
1468,5,1950,1950,1048,7200,0,0,0,1,11.495789479023493
2683,6,1953,1953,1094,10452,0,594,500,1,11.951186847493476
3037,6,1966,1966,1839,7700,0,756,0,1,11.951186847493476
1260,4,1970,1970,630,1936,0,0,131,1,11.344518647594766
3040,7,2007,2007,1665,8125,1,813,0,1,12.235393555399902
2561,4,1940,1950,1510,9084,0,755,0,1,11.58989576532275
3108,7,1996,1996,1716,8750,1,880,0,1,12.160033942617156
2441,6,1906,1995,1469,10320,0,756,0,1,11.813037464800539
5061,8,1995,1995,2113,10437,1,413,1696,1,12.765691290604371
1881,6,1971,1971,1092,1680,0,525,0,1,11.385103457032141
2418,5,1959,2006,1053,10007,1,247,806,1,11.8879382384223
2548,7,1931,2000,1502,7200,0,776,0,1,11.91170829631447
2700,6,1948,1950,1458,17503,0,912,0,1,11.487617913343598
3452,5,1964,1999,1486,9937,0,849,637,1,12.025755079404917
3278,7,1976,1976,1935,12384,0,793,0,1,12.19552218463499
4788,8,1994,2005,2448,46589,1,88,1361,1,12.904209855160254
3360,6,1968,1968,1392,13560,0,1392,0,1,11.608244735642321
2907,4,1972,1972,1181,10012,0,38,920,1,11.83138646878959
5308,8,2005,2006,2097,20896,1,356,1721,1,12.955129822091815
3846,8,2000,2000,1936,11194,1,1406,0,1,12.348010479804223
3997,6,1965,1979,2380,18450,0,111,187,1,11.767575435251748
3662,6,1994,1998,1679,8125,1,270,1138,1,12.173037959397275
3201,5,1956,1987,1437,14175,0,200,988,1,12.031725210748633
2132,4,1922,1950,1180,11600,0,700,0,1,11.83138646878959
2754,6,2005,2005,1476,8633,1,545,193,1,12.063938642041201
2341,6,1925,1950,1369,6629,0,121,551,0,11.548302261270587
2962,6,1977,1977,1208,11250,0,441,767,1,12.013706813470414
3732,6,1957,2004,1839,14442,1,291,1186,1,12.458778882573533
2656,6,1965,1965,1136,9200,0,244,892,1,11.849404844423074
2736,6,1978,1978,1441,2289,0,544,311,1,11.908346971208951
3648,4,1900,1950,1774,9600,0,1095,0,0,11.373674891823535
1800,5,1924,2006,792,9022,1,768,0,1,11.603688960617083
4926,8,2008,2008,2046,11844,1,2046,0,1,12.827995001361906
2548,5,1961,1961,988,9945,0,161,827,1,11.763691965388299
2110,6,1980,1980,923,8012,0,261,543,1,11.870606902224587
2594,5,1932,2000,1520,4500,0,611,182,1,11.979391594635791
3013,6,1996,1997,1291,2887,1,288,1003,1,12.06105265381003
3996,9,2002,2002,1668,11248,1,567,1059,1,12.560247968016562
3520,7,1998,1998,1839,16770,0,1195,0,1,12.30592250537653
3857,7,1984,1984,2090,5062,1,180,828,1,12.242891437918386
3213,7,2007,2007,1761,10207,1,874,0,1,12.336556900342153
2133,7,2004,2004,1102,5105,1,312,239,1,11.910365121788654
3405,8,2007,2007,1419,8089,1,474,945,1,12.879019669789754
3184,6,2005,2006,1362,7577,1,1342,20,1,12.179220327453931
2116,6,2004,2004,848,4426,1,151,697,1,11.856522261533737
7592,10,1994,1995,4316,21535,1,989,1455,1,13.534474352733596
4357,7,1989,1990,2519,26178,1,245,965,1,12.721888795877375
2472,5,1921,1968,1073,5400,0,1073,0,1,11.59433032142082
3042,5,1936,1950,1539,6120,0,927,0,1,11.860062063178267
2800,6,1987,1987,1137,13811,1,92,980,1,12.07824495582233
1437,5,1921,1950,616,6000,0,0,616,1,11.39640288460621
2436,5,1952,1952,1148,6420,0,219,210,1,11.724004532183379
2124,5,1965,2009,894,8450,0,224,553,1,11.83863282480007
3312,7,2004,2004,1391,4282,1,1375,16,1,12.185875040240456
4365,8,2002,2002,1800,14331,1,526,1274,1,12.652362948153474
2856,7,1969,1969,1164,9600,0,1164,0,1,11.849404844423074
4476,8,2006,2006,2576,12438,1,1234,0,1,12.799178471909892
2844,5,1900,1996,1812,7630,1,360,0,1,11.849404844423074
3563,7,2004,2005,1484,8400,1,761,712,1,12.269052139516223
1092,4,1930,1950,1092,5600,0,0,0,0,10.915106645867503
4206,7,1971,2002,1824,115149,1,424,1219,1,12.618185607609803
3198,8,2006,2006,1324,6240,1,461,863,1,12.445093483000798
2584,7,2007,2007,1456,9018,1,728,0,1,12.09815887308463
2188,5,1966,1966,904,7162,0,876,0,1,11.60733523953139
999,3,1935,2003,729,4130,0,270,0,1,10.859018228147887
2421,4,1900,1950,1178,8712,0,859,0,1,11.54031687156214
2928,8,1988,1989,1228,4671,1,461,767,1,12.149507585033072
2496,4,1970,1970,960,9873,0,171,789,0,11.767575435251748
2679,6,1976,2005,1479,13517,1,192,533,1,11.779136168550774
2892,6,1974,1974,1350,10140,0,1064,0,1,12.013706813470414
3976,7,1890,1998,2554,10800,0,718,0,1,11.979805470779858
2793,5,1973,2000,1178,10000,1,92,1084,1,11.964007453736912
4712,7,1993,1994,2418,10542,1,138,1173,1,12.739640688812674
2242,5,1969,1969,971,9920,0,448,523,1,11.763691965388299
4048,8,1985,1985,1742,6563,1,594,1148,1,12.524530013005734
2116,6,2004,2004,848,4426,1,186,662,1,11.870606902224587
2191,4,1970,1970,864,8120,0,673,191,1,11.732069026983156
2959,4,1954,1972,1470,8172,0,941,0,1,11.813037464800539
4164,9,2007,2008,1698,13286,1,464,1234,1,12.676079399771027
2388,4,1970,1970,864,6960,1,250,375,1,11.699413330633599
3100,6,1988,2007,1680,21695,1,72,808,1,12.310437165348775
3096,7,2007,2007,1232,7314,1,508,724,1,12.178192583415596
4248,5,1958,1958,1776,11475,0,1584,0,1,11.608244735642321
2167,4,1925,1950,1208,6240,0,628,152,1,11.542493975902508
3819,8,1995,1996,1616,5389,1,415,1180,1,12.373707715234994
2452,7,2003,2003,1146,9590,1,82,786,1,12.141539457711714
3725,7,1998,1999,2031,11404,1,901,252,1,12.312686874960354
2272,5,1961,1983,1144,10000,0,270,594,1,11.786008995353765
2196,5,1968,1968,948,8978,0,948,0,1,11.58989576532275
2968,7,1914,1970,1768,10800,0,490,390,0,12.001511614739405
1440,3,1950,1950,1040,8544,0,0,0,0,11.445727410406752
3494,8,2005,2005,1801,10463,1,893,0,1,12.3879816172226
2400,5,1987,1988,1200,10800,0,0,1200,1,12.095146671399466
3164,7,2004,2004,1728,9313,1,864,0,1,12.154784614286667
2056,5,1910,2002,1432,9600,0,264,0,1,11.790564777297387
2112,6,1961,1996,912,6768,1,80,832,1,11.863589378812122
3237,7,2000,2001,1349,8450,0,1349,0,1,12.095146671399466
2464,5,1963,1999,1464,12886,0,76,444,1,12.07254696717504
3136,8,1993,1993,1337,5395,1,604,733,1,12.100717685412471
4688,8,1976,1996,2715,8963,1,487,575,1,12.61087420020211
3762,7,2000,2000,2256,8795,1,652,300,1,12.371591321286905
4744,7,1880,2003,2640,11700,1,1240,0,0,12.491176396967154
3967,7,1996,1996,1720,10593,1,801,919,1,12.469978029554953
1769,4,1945,1950,1529,8405,0,0,0,0,11.49273296168228
1716,4,1910,2004,1140,8800,0,576,0,1,11.477308649967686
2380,7,2003,2003,1320,7750,1,660,0,1,11.995357787034976
3549,6,1997,1997,1494,9236,1,279,1200,1,12.28765724080691
4006,8,2005,2005,2098,10240,1,1030,0,1,12.526346537332584
2492,6,1969,2005,1026,7930,1,115,439,1,11.957617696467539
2640,6,1999,1999,1471,3230,0,348,381,1,12.058158312538197
3212,8,2007,2007,1768,10769,1,846,20,1,12.264346270624157
2498,6,1978,1978,1386,11616,0,234,438,1,11.97603664577121
2685,7,1999,1999,1501,2280,0,195,549,1,12.097378802727306
4601,8,1995,1995,2531,12257,1,1198,56,1,12.577639650232573
2028,6,1959,1959,864,9100,0,252,612,1,11.755879486687116
2886,5,1924,1950,1301,6911,0,740,405,1,11.51293546492023
2917,7,2009,2009,1547,8640,1,732,24,1,12.279327754099118
4473,8,1999,1999,2365,9430,1,89,1163,1,12.727841176689147
3469,8,1995,1996,1494,9549,1,0,437,1,12.506180941677357
3596,9,2008,2008,1506,14587,1,1498,0,1,12.484208043148733
3190,7,1988,1988,1714,10421,0,586,394,1,12.188422799337028
3156,6,1940,1985,1750,12508,0,323,660,1,11.982935344196433
4180,7,2004,2005,1836,9100,1,1836,24,1,12.28690580994122
5770,8,2003,2003,3279,53504,1,234,1416,1,13.195615697878253
2292,5,1982,1982,858,7252,0,173,685,1,11.812296455066814
2452,4,1951,1951,1220,8877,0,0,836,1,11.532737896139919
2818,6,1976,1976,1117,7819,0,480,422,1,11.580593459194764
2099,5,1958,1958,912,10150,0,456,456,1,11.648338835562747
4803,8,2006,2006,1973,14226,1,1935,0,1,12.886643575525625
2820,6,1998,1998,1204,4500,0,338,866,1,11.995357787034976
4093,7,2005,2006,1614,11210,1,1594,20,1,12.308182383129823
2198,5,1974,1974,894,13350,0,102,762,1,11.86710429621008
2650,5,1977,1977,2020,8400,0,0,0,1,11.87757552297847
2483,6,1977,1977,1004,10530,0,0,975,1,11.813037464800539
2892,7,1995,1996,1253,7875,0,1237,0,1,12.07824495582233
2848,6,1992,1992,1603,7153,1,374,387,1,12.077676615757813
3448,7,2001,2002,1430,16285,1,1413,0,1,12.139403856983334
2809,5,1978,1978,1110,9101,1,0,1097,1,12.016732516077072
2226,6,1914,2001,1484,6300,0,742,0,1,11.759793355371237
3171,6,1967,1967,1342,9790,0,491,251,1,11.992266613576142
2754,5,1915,1950,1652,10800,0,0,686,1,11.842236406331555
3658,7,2004,2004,2084,10142,1,300,656,1,12.358798024384122
2083,4,1954,2000,901,6000,0,901,0,1,11.588969419043872
3363,6,1966,2007,2087,12205,1,264,568,1,12.141539457711714
2687,7,2005,2006,1145,3182,1,1129,16,1,11.984184555794167
2630,6,1976,1976,1062,11333,0,490,539,1,11.896833207128452
3585,7,1996,1997,2013,9920,0,255,862,1,12.505402864156405
3466,8,2007,2007,1496,9158,1,1496,0,1,12.323860125621126
3016,7,1994,1996,1895,10832,1,712,0,1,12.178192583415596
2690,6,1980,1981,1564,8400,0,650,0,1,12.049424683420915
2473,6,1977,1977,1285,8197,0,660,0,1,11.874097282798648
1786,5,1953,1953,773,7677,0,203,570,1,11.608244735642321
5886,9,2008,2009,3140,13518,1,1926,0,1,13.091906231773164
2739,5,1937,1950,1768,7200,1,162,569,1,12.07254696717504
2907,6,1997,1997,1688,12798,1,154,462,1,12.206077645517674
2832,4,1916,1990,1196,4800,0,999,197,1,11.60733523953139
2594,7,2005,2005,1456,8199,1,80,648,1,12.149507585033072
5576,9,2008,2009,2822,13891,1,1734,0,1,13.275829251377
2350,5,1954,1954,1128,9000,0,124,812,1,11.678448377988165
3399,7,2008,2008,1428,12274,1,1417,0,1,12.335700805443338
2344,5,1967,1967,980,9750,0,100,400,1,11.816734299348461
3428,5,1923,2004,1576,21384,1,15,1309,1,12.317171167298682
2594,5,1966,1966,1086,13400,0,380,516,1,11.982622797311857
3347,5,1898,1965,2138,8100,0,849,0,0,11.571203807011969
2833,6,1974,1999,1309,10140,1,0,663,1,12.10625783509458
2116,6,2004,2004,848,4438,1,186,662,1,11.881041706925902
2088,5,1952,1952,1044,8712,0,540,0,0,10.932999821119937
3185,6,1958,1958,1442,9750,0,834,608,1,11.969723533345908
2216,5,1918,1950,1250,8248,0,686,0,1,11.661354090741
3908,7,1998,1998,1661,12137,1,1649,0,1,12.323415584358154
2291,5,1954,1954,1008,11425,0,522,486,1,11.827743504053695
4114,8,2002,2002,1689,13265,1,350,1218,1,12.509877789891931
2502,6,1971,1971,1052,8816,0,506,504,1,11.951186847493476
3200,7,2009,2010,1358,6371,1,625,733,1,12.319405795112926
3033,7,2003,2003,1640,7226,1,798,0,1,12.117246896289503
2448,4,1953,1953,936,6000,0,936,0,0,11.440365524765756
3013,7,2003,2003,1733,12394,1,847,0,1,12.323860125621126
2507,6,1940,1950,1489,9900,0,778,0,1,11.845827048676645
3754,8,2006,2006,1489,11216,1,1489,0,1,12.357079818283598
5382,10,2007,2008,2084,14803,1,442,1636,1,12.861001210669146
1568,5,1924,1950,784,6130,1,0,784,1,11.603688960617083
3415,7,2001,2001,1434,8529,1,1434,20,1,12.149507585033072
3677,5,1967,1967,2126,28698,0,0,249,1,12.128116509451258
2223,7,2005,2005,1223,2544,1,600,0,1,11.900912042974875
3242,6,1957,1957,1392,11900,0,352,1040,1,12.019749091416921
2200,7,2005,2005,1200,3180,1,600,0,1,11.92504173829169
3383,7,2003,2003,1829,9548,1,458,483,1,12.37581963951765
3504,6,1964,1964,1516,10004,0,975,196,1,12.025755079404917
2744,5,1961,1961,1144,7875,0,572,572,1,11.849047640327147
2570,4,1950,1995,1067,9600,1,625,442,1,11.759793355371237
3930,5,1948,1973,1559,8100,0,1221,338,1,11.941462360646149
1734,6,1973,1973,987,1680,0,153,330,1,11.51293546492023
2550,5,1995,2006,1099,9525,1,1099,0,1,11.87757552297847
2208,5,1946,1995,1200,11767,0,416,352,1,11.779136168550774
2554,6,1925,1950,1482,12155,0,516,156,0,11.849404844423074
2875,5,1904,2002,1539,10440,1,650,0,1,11.967187086434018
2782,6,1966,1966,1165,9020,0,276,312,1,12.071975378543236
3600,5,1961,1961,1800,8000,0,1800,0,0,11.856522261533737
3012,5,1915,1950,1416,12665,0,876,0,1,11.944064817531656
3702,5,1975,1981,1701,16647,0,0,1390,1,12.049424683420915
2940,7,1993,1993,1775,9317,1,227,513,1,12.269052139516223
2066,5,1972,1972,864,15523,0,404,460,1,11.80186424743109
3625,6,1908,1997,2358,45600,0,907,0,1,12.388398368982115
2895,6,1976,1994,1855,9600,0,528,0,1,12.138869243416009
2116,6,2003,2003,848,4435,1,189,659,1,11.78676973513378
3129,8,2003,2003,1456,3196,1,1273,0,1,12.278397958261774
2804,7,1941,1950,1646,7128,0,554,364,1,12.00762780434872
3217,6,1964,1964,1445,12095,0,563,564,1,11.970356641102999
3996,5,1955,1974,1779,17920,0,372,306,1,12.04355959836804
2340,5,1962,2010,1040,6897,0,381,659,1,11.751950239425476
2542,6,1978,1978,1026,10970,0,0,505,1,11.898194668458823
2526,6,1994,1995,1481,8125,0,702,0,1,12.066816325306588
2939,7,1976,1976,1370,10400,0,1090,0,1,11.931642378754141
4327,6,1968,1984,2654,11029,1,435,619,1,12.429220196836383
2554,7,1918,1998,1426,7642,1,912,0,1,12.154521423145216
2582,5,1965,1965,1039,11625,0,198,841,1,11.78676973513378
2617,6,1984,1985,1097,9672,0,702,338,1,11.931642378754141
2968,5,1959,1959,1148,7931,0,0,1148,1,11.794345471549745
3273,7,2007,2008,1372,8640,1,1372,0,1,12.43153750053306
2906,5,1970,1970,1002,8750,0,174,828,1,11.908346971208951
4154,8,2006,2007,1646,10656,1,1638,0,1,12.424810506025395
2704,4,1961,1961,1120,6970,0,108,932,1,11.767575435251748
2939,5,1948,1950,2320,14762,0,0,0,1,12.037659911047468
3573,7,1993,1994,1949,9938,1,300,750,1,12.371591321286905
2096,5,1962,1962,894,6600,0,894,0,0,11.603688960617083
3009,6,1998,1998,1682,8750,1,299,505,1,12.208574513247495
1429,5,1953,1996,910,8892,1,105,0,1,11.661354090741
2156,5,1949,1950,1268,12144,0,457,375,1,11.798111925972618
2007,5,1941,1950,1131,5720,0,676,0,1,11.104972264124868
4344,8,2007,2007,2610,9000,1,1120,64,1,12.623064399210183
2752,4,1963,1963,1040,25286,0,431,633,1,11.792456911128632
4424,9,2004,2005,2224,8834,1,292,1170,1,12.765691290604371
2840,5,1961,1995,1155,11782,1,210,899,1,11.904974309480183
2064,5,1978,2005,864,7000,0,218,646,1,11.824087219587643
2630,5,2005,2006,1090,7024,0,110,980,1,11.964007453736912
3273,7,1990,1991,1717,13758,1,254,902,1,12.141539457711714
2790,6,1992,1993,1593,9636,0,808,0,1,12.08954444723597
2984,4,1912,1950,2230,6204,0,795,0,0,11.682676678340282
2072,5,1967,1967,892,7150,0,460,432,1,11.51293546492023
3913,9,1999,2000,1709,5119,1,460,1238,1,12.70351207261035
3926,5,1959,2005,1712,8393,0,1098,528,1,11.884495917930655
2509,5,1955,1955,1393,16466,0,816,0,1,11.816734299348461
5055,8,1970,1970,2217,15865,1,1043,351,1,12.498745990829315
3515,6,1953,1953,1505,12160,0,481,1024,1,11.915058360753719
2172,5,1949,2006,924,8064,0,672,0,1,11.719134432217524
3041,6,1978,1978,1683,11184,0,192,226,1,12.058158312538197
2391,6,1963,2003,1068,8414,0,396,663,1,11.947955847790901
3120,5,1954,1954,1383,13284,0,319,1064,1,12.013706813470414
1935,5,1979,1979,1535,7018,0,0,0,1,11.685693195625964
3059,6,1963,1963,1796,7056,0,380,400,1,11.849404844423074
2229,4,1936,1950,951,8765,0,666,285,0,11.575909653758895
2768,5,1979,1979,2240,7018,0,0,0,1,11.870278179170796
5514,9,2009,2010,2364,12919,1,142,2188,1,13.323928581764989
2436,5,1961,1994,1236,6993,0,447,465,1,11.813037464800539
2400,4,1971,1971,858,7340,0,536,322,1,11.608244735642321
3054,5,1957,2000,1306,8712,0,132,860,1,11.938199736300925
2685,7,2003,2003,1509,7875,1,783,0,1,12.100717685412471
4030,7,2006,2006,1670,14859,1,1670,0,1,12.388398368982115
2066,5,1967,1967,902,6173,0,277,599,1,11.74006900564972
2399,5,1954,1954,1063,9920,0,412,354,1,11.759793355371237
4124,8,2006,2006,1636,13501,1,1560,63,1,12.449022745701502
3254,7,1936,1987,2057,11500,1,794,223,1,12.429220196836383
2250,5,1983,1983,902,8885,0,239,301,1,11.782960235741939
2616,6,2005,2005,1484,12589,1,742,0,1,12.066816325306588
3859,5,1960,1960,2274,11600,0,662,443,1,11.946660519211651
2788,5,1977,1989,1268,9286,1,1072,196,1,11.874097282798648
2233,5,1925,1950,1015,6120,0,279,489,0,11.385103457032141
3874,5,1949,1950,2002,6270,0,717,284,0,11.884495917930655
2364,6,2009,2009,1224,3000,1,318,294,1,12.065280672855897
1924,4,1970,1970,1092,2001,0,546,0,1,11.225256725762893
1268,2,1949,1950,480,9000,0,430,50,0,10.471978128496518
2647,4,1956,1956,1229,17140,0,75,1059,1,11.813037464800539
4064,7,1991,1991,2127,13125,1,422,48,1,12.380030154325457
3199,6,1958,2002,1414,11029,0,245,528,1,12.081081821061819
3120,6,1994,1994,1721,8462,1,114,814,1,12.211065162153215
3472,5,1900,2003,2200,8777,0,188,1084,1,11.890683588496984
3029,6,2005,2006,1316,10237,1,1288,28,1,12.043500773454495
3754,6,1993,1994,1617,8012,1,598,165,1,12.170450649220749
3984,6,1980,1980,1686,10240,0,0,625,1,12.242891437918386
2792,5,1977,1977,1126,15611,1,266,767,1,12.07254696717504
4211,8,2003,2004,2374,11999,1,1181,0,1,12.560247968016562
3296,7,1968,1968,1978,9900,0,280,552,1,12.07824495582233
4063,8,2001,2001,1788,11838,1,1753,0,1,12.373707715234994
3842,7,1997,1997,2236,13006,1,964,0,1,12.310437165348775
3542,8,2007,2007,1466,8925,1,1450,16,1,12.211065162153215
2279,5,1965,1965,925,9100,0,121,338,1,11.674202123168433
4598,9,2006,2006,1905,11670,1,1905,0,1,12.676079399771027
3570,7,2004,2004,1500,8487,1,1480,20,1,12.154784614286667
3159,7,1960,2007,2069,27650,1,160,425,1,12.396697137361691
1875,4,1926,1953,747,5825,0,600,0,1,11.288543647320601
2931,7,2003,2003,1200,10083,1,343,833,1,12.127575825689417
3773,7,2005,2005,1971,9675,1,772,341,1,12.441148720271016
4221,7,2006,2006,1962,8760,1,927,464,1,12.387560521575551
3784,7,1940,1950,2403,24090,0,1032,0,1,12.406565597924235
4030,6,1976,1976,1728,12640,0,396,936,1,11.924379271639218
3442,7,1999,1999,2060,8755,1,220,772,1,12.273735966890268
2880,4,1977,1977,1440,7711,0,0,1440,1,11.918397239722838
3840,5,1967,1967,1632,25000,0,1632,0,1,11.870606902224587
2688,6,1958,1958,1344,14375,1,354,111,1,11.83138646878959
3293,5,1890,1996,1869,8820,0,0,1088,1,11.735276702486741
3084,5,1959,1959,1144,8163,0,102,748,1,11.870606902224587
4053,8,2002,2003,1629,14536,1,316,1300,1,12.506180941677357
3186,7,2002,2002,1776,14006,1,936,0,1,12.167856627501678
3218,6,1972,2006,1381,9360,1,179,982,1,12.193498926601634
2448,5,1950,2002,864,7200,1,317,398,1,11.767575435251748
2093,5,1965,1965,965,7800,0,187,641,1,11.694421681264394
1932,5,1972,2003,768,7200,0,108,660,1,11.804855999911272
3282,5,1969,1969,1968,11075,0,29,562,1,12.055255569732177
1925,6,1975,1975,980,9400,0,0,945,1,11.755879486687116
3429,6,1946,1950,1958,7136,0,495,484,0,11.884495917930655
2252,6,1980,1980,1229,1300,0,276,285,1,11.728044909070785
2690,5,1962,1962,1057,7420,0,640,417,1,11.790564777297387
3205,7,2003,2003,1337,8450,1,638,699,1,12.128116509451258
2596,7,1999,1999,1416,2572,1,92,604,1,11.951186847493476
1716,5,1958,2008,858,7207,0,162,696,1,11.665655135642039
4821,6,1977,1995,2872,12227,0,434,896,1,12.513561021741964
2792,6,1976,1976,1548,2308,1,248,556,1,11.951186847493476
4302,9,2007,2007,1800,11923,1,1800,0,1,12.384223015005313
3221,7,2002,2003,1894,11316,1,193,624,1,12.277932735946903
2660,6,2005,2007,1484,10237,1,783,0,1,12.094587859196112
2292,5,1940,1950,1308,9600,0,300,428,1,11.982935344196433
2456,5,1955,1955,1098,7390,0,196,902,1,11.813037464800539
1568,3,1910,1950,968,5925,0,600,0,0,10.542732775946709
1947,6,1958,1958,1095,10382,0,75,513,1,11.849404844423074
1912,4,1949,1950,1192,10800,0,720,0,0,11.813037464800539
2864,7,2003,2004,1626,2268,1,197,567,1,12.06105265381003
2100,6,1979,1979,918,7892,0,918,0,1,11.507922973347437
3336,7,2007,2008,1428,11639,1,1428,0,1,12.111767460549332
3279,7,1910,1993,2019,11414,1,728,0,0,12.02874460037869
2545,7,2000,2000,1382,2651,1,32,641,1,12.013706813470414
1309,4,1923,1958,869,5900,0,440,0,1,11.356283350762888
3051,7,2006,2007,1241,4274,1,135,1106,1,12.20557752297723
2188,4,1954,1954,894,9450,0,342,552,1,11.608244735642321
2722,5,1963,1963,1121,8816,0,470,651,1,11.842236406331555
2531,7,1961,2007,999,12122,1,77,867,1,12.091789104493502
4513,8,1998,1999,2612,12203,1,371,854,1,12.724869415131389
2920,7,2007,2007,1266,3182,1,1266,0,1,11.982278882874377
4197,8,2002,2002,2290,11250,1,1128,0,1,12.45254592991672
2273,5,1977,1977,1734,10125,1,0,0,1,11.744045122410057
2568,5,1950,1950,1164,10880,0,124,1040,0,11.736077016252437
2375,6,1910,2003,1635,5310,1,485,0,1,11.669937760751914
4476,9,2009,2010,1940,10159,1,284,1646,1,12.887129532148373
3429,6,1976,1976,2030,12046,1,692,156,1,12.180759965737863
2960,7,2006,2006,1576,8125,1,770,0,1,12.190964083849375
4658,8,1997,1998,2392,9452,1,322,1074,1,12.759960632315702
3082,8,1882,1986,1742,17671,1,700,216,1,12.031725210748633
3113,6,1964,1993,1851,9760,1,169,536,1,12.138869243416009
2814,6,2005,2006,1500,8846,1,750,0,1,12.066241450757124
4204,10,2006,2007,1718,12456,1,528,1172,1,12.729323752253295
2282,4,1946,1950,1230,4712,0,363,384,1,11.7085004721646
2468,5,1961,1961,1050,10659,0,135,915,1,11.824087219587643
3499,6,1970,1970,1442,11717,0,1442,0,1,12.128116509451258
2294,3,1922,1950,1077,9786,0,1007,0,0,11.418625774449598
3027,7,2006,2006,1208,6762,1,501,686,1,12.235636302128867
1472,3,1952,1952,944,10206,0,0,0,0,11.314486721293981
1598,5,1920,1950,691,5400,1,691,0,1,11.362114203075018
3972,8,2006,2006,1574,11957,1,1550,24,1,12.354496960983985
3888,5,1976,1976,1680,11500,0,1680,0,1,11.827049837927534
3307,7,2005,2006,1504,3182,1,1330,16,1,12.10625783509458
2298,5,1977,1977,985,8385,0,390,595,1,11.917730355182513
3798,6,1970,1970,1657,12155,0,420,1237,1,12.004574385508691
1924,4,1970,1970,1092,2217,0,0,273,1,11.385103457032141
3970,7,2004,2005,1710,12118,1,1710,0,1,12.388398368982115
2016,5,1926,1950,1522,6000,0,1008,0,1,11.532737896139919
2303,5,1948,1950,1271,21286,0,720,0,1,11.813037464800539
1664,5,1965,1965,1664,9825,0,0,0,0,11.51293546492023
2284,6,1923,1996,1502,10592,1,602,0,1,12.013706813470414
2324,5,1910,2006,1022,7200,0,310,247,0,11.350418300109132
2404,6,1948,1950,1082,11664,0,746,336,1,11.688566422839942
3003,8,2001,2001,1665,8400,1,167,643,1,12.33270970174018
3486,7,1996,1996,1504,11883,1,814,690,1,12.220966184120165
3145,8,1984,1984,1360,5814,1,184,1036,1,12.141539457711714
2258,7,1991,1992,1472,10784,1,384,0,1,11.982935344196433
3308,7,2005,2005,1506,3013,1,1346,16,1,12.271349956195543
2715,4,2005,2005,1132,7024,1,108,1024,1,12.07824495582233
3051,7,2006,2006,1220,7406,1,515,684,1,12.175618592671356
2320,5,1930,1950,1248,9439,0,588,324,1,11.373674891823535
3287,7,2005,2006,1504,3182,1,1330,16,1,12.160033942617156
5128,8,1976,1976,2898,15498,1,0,1165,1,12.567240979056246
2225,5,1972,1972,882,7700,0,276,138,1,11.630717389475995
2993,5,1960,1960,1264,9300,0,571,697,1,12.02874460037869
4084,8,2007,2008,1646,9520,1,125,1513,1,12.588194064175278
2384,5,1941,1950,1376,9492,0,359,368,1,11.561725152903833
2154,6,1972,1972,1218,1680,0,355,317,1,11.678448377988165
2614,5,1916,1995,1928,7082,0,686,0,1,11.982935344196433
4181,7,1920,1970,3082,15863,0,301,523,1,12.190964083849375
4654,8,1993,1993,2520,14541,1,326,1012,1,12.644330802262578
4208,7,2002,2002,1654,8125,1,668,986,1,12.345838935721968
2114,5,1938,1950,954,6305,0,920,0,1,11.693169865968983
1135,4,1957,1957,845,11500,0,0,0,0,11.338583982516495
4152,9,2007,2008,1620,12898,1,598,1022,1,12.66191713053049
4223,8,2001,2002,2263,9240,1,1055,0,1,12.567240979056246
1890,4,1970,2008,1344,1533,0,546,0,1,11.48247656671073
1546,4,1970,1970,630,1477,0,121,509,1,11.289794413577894
3421,5,1957,2000,1803,13125,0,284,168,1,11.951186847493476
2916,6,1966,2000,1632,9130,1,336,400,1,12.06105265381003
3236,6,2005,2005,1306,5381,1,406,900,1,12.185875040240456
4318,7,1990,1990,2329,11839,1,390,1085,1,12.47717172708952
5590,8,1981,1981,2524,9600,1,1420,1104,1,12.535379989788607
2185,3,1955,1955,1733,13680,0,0,0,1,11.846543632608535
5576,9,2005,2006,2868,16056,1,1752,240,1,13.229569788348705
2652,5,1994,1995,990,9245,0,304,686,1,11.884495917930655
2107,5,1960,2006,1771,21750,0,0,0,1,11.652696102959753
1238,4,1946,2006,930,11100,1,0,0,1,11.349241150793087
3040,7,2007,2007,1302,8993,1,1302,0,1,12.080996832096167
3072,7,2007,2007,1316,11175,1,1316,0,1,12.206782393599413
3333,6,1964,1978,1977,9500,0,374,442,1,12.013706813470414
3106,5,1957,2002,1526,8562,0,833,383,1,11.881041706925902
3640,8,2002,2002,1989,11367,1,133,932,1,12.449022745701502
3194,6,1976,1976,1523,11361,0,549,644,1,12.100717685412471
3212,7,2005,2005,1364,7052,1,705,659,1,12.13270055639427
3290,7,1994,1994,1850,29959,1,378,595,1,12.421188057397055
4124,9,2008,2008,2184,11308,1,168,936,1,12.721888795877375
3277,6,1932,1950,1991,11275,0,0,297,1,12.301387370778713
3258,8,2001,2001,1338,4920,1,722,616,1,12.271396795480596
3036,3,1935,1950,894,18000,0,894,0,1,11.302216779257382
3559,5,1900,1950,2337,13600,0,662,0,0,11.407576060361786
2646,6,1925,1980,1103,6000,1,706,397,1,11.612779849672751
2788,5,1966,1966,1154,11000,0,184,740,1,11.944714374881176
4099,7,1996,1997,2260,14000,1,105,1201,1,12.700771936142122
2750,6,1993,1994,1571,7837,0,799,0,1,12.08954444723597
2833,6,1964,1964,1611,9760,0,0,674,1,12.031129798974042
4039,6,1973,1973,2521,3964,0,105,837,1,11.927687224983487
2314,5,1949,2003,893,9600,1,625,220,1,11.813037464800539
2382,5,1956,1956,1048,10152,0,462,586,1,11.813037464800539
2724,6,1968,1968,1556,11700,0,429,298,1,11.944714374881176
2546,5,1948,1950,1456,7585,0,810,0,1,11.424105180165641
2556,6,1977,1977,1426,7950,0,155,535,1,11.979805470779858
3306,7,2006,2006,1240,8556,1,1240,0,1,12.175618592671356
2780,7,1940,1984,1740,13125,0,390,410,1,12.299112067295642
2828,5,1936,1989,1466,10800,1,170,626,1,12.04355959836804
2491,5,1969,1969,1096,15870,0,230,75,1,11.840796531639839
2116,6,2004,2004,848,4435,1,186,662,1,11.956976469393481
2279,5,1994,1994,990,8775,0,495,495,1,11.744045122410057
3044,6,1971,2004,1258,11040,1,602,656,1,11.884495917930655
2388,5,1963,1963,1040,7500,0,216,824,1,11.798111925972618
3445,7,2002,2002,1459,8749,1,1459,0,1,12.165255859329688
2963,6,1964,1964,1251,8800,0,698,553,1,11.982935344196433
2598,6,1995,1996,1498,13031,0,99,592,1,12.141539457711714
2496,6,1992,1992,996,9069,1,189,747,1,11.898194668458823
1924,4,1973,1973,1092,1974,0,212,334,1,11.332613886815139
4078,8,2005,2006,1953,10574,1,1082,0,1,12.437188334739655
3059,7,2004,2004,1709,2522,1,970,0,1,11.83138646878959
3044,8,2005,2005,1247,3316,1,208,1039,1,12.190964083849375
1440,3,1950,1950,1040,8544,0,0,0,0,11.439289689006644
2314,7,1999,2000,1252,2160,1,90,510,1,11.982935344196433
3451,6,1925,1950,1694,8400,0,758,423,1,11.824087219587643
2948,5,1965,1998,1200,9230,1,203,661,1,11.891368749982085
2180,5,1956,2000,936,5868,0,448,248,1,11.767575435251748
3068,6,2006,2006,1314,9317,1,1290,24,1,12.080696479888447
2039,6,1914,2006,1355,6882,1,684,0,1,11.751950239425476
2623,8,1986,1986,1088,3696,1,1074,0,1,12.04355959836804
2236,4,1936,1950,1324,6000,0,0,672,1,11.759793355371237
3350,7,1978,1978,1601,11880,0,567,704,1,11.964007453736912
974,2,1920,1950,438,8400,0,0,290,0,11.002116507732017
2180,5,1971,1971,950,9758,0,251,412,1,11.691080018519527
2398,5,1960,2002,1134,7000,0,422,588,1,11.813037464800539
2388,6,1959,1959,1194,8910,0,0,655,1,11.979805470779858
2372,5,1970,1970,1302,2016,0,630,0,1,11.571203807011969
4797,8,1994,1995,2622,12256,1,431,1032,1,12.691583538230217
3071,7,1990,1991,1442,10357,1,172,738,1,12.100161978566867
3311,7,2006,2006,2021,23257,1,868,0,1,12.52352951631214
3077,6,2000,2000,1690,8063,0,924,0,1,12.10625783509458
4534,8,2004,2005,1836,11362,1,797,1039,1,12.54254845357358
2862,6,1995,1996,1658,8000,0,554,219,1,12.144202560946876
3250,7,1976,1976,1964,10480,0,400,403,1,12.230770136157428
1940,5,1957,1957,816,7100,0,108,708,1,11.774527900858468
2256,5,1953,2006,1008,8923,1,365,643,1,11.80932691294063
1992,5,1954,2000,833,5400,1,418,415,1,11.669937760751914
4396,8,2007,2007,1734,12085,1,730,1004,1,12.669809806411457
2354,8,2002,2002,1419,7750,1,55,353,1,12.123239799036943
2238,5,1967,2003,894,9764,1,192,702,1,11.775297421715827
2434,5,1958,1987,1601,13825,0,533,0,1,11.849404844423074
2366,5,1959,1959,1040,7560,0,671,369,1,11.803361242493628
2332,6,1920,1950,1012,8263,0,1012,0,1,11.681832447342321
3886,7,2005,2006,1552,10084,1,1528,24,1,12.268582547911404
1920,4,1956,1956,960,8926,0,672,0,1,11.626263078808801
1396,5,1947,2008,698,9405,0,698,0,1,11.678448377988165
2258,7,1992,1992,1482,9125,1,384,0,1,12.007017865994577
2682,4,1955,1955,1005,10434,0,1005,0,1,11.652696102959753
3588,7,2007,2007,1555,3684,1,1373,0,1,12.066816325306588
3690,7,2004,2004,1530,14572,1,230,1300,1,12.464587201678082
3240,7,2004,2005,1959,11796,1,847,0,1,12.278397958261774
2544,5,1980,1980,936,7200,0,0,936,1,11.849404844423074
3679,4,1928,1950,1981,7804,1,500,622,1,11.813037464800539
1948,5,1991,1992,974,10712,0,762,212,1,11.445727410406752
3423,6,1880,1950,2210,9900,0,1008,0,1,11.674202123168433
3614,8,1995,1995,2020,9828,1,544,584,1,12.386312871189734
2976,6,1997,1997,1600,8773,0,916,0,1,12.037659911047468
2126,6,1926,1950,986,6180,0,960,0,0,11.532737896139919
2572,6,1950,1950,1252,9600,0,752,280,1,11.686887175419702
1800,5,1875,1996,1020,6342,0,780,0,0,11.451060699493427
3848,6,1977,1977,1567,9819,1,0,1567,1,12.185875040240456
2577,5,1920,1950,1167,8731,0,270,645,1,11.87757552297847
2744,5,1951,1951,952,7350,0,100,852,1,11.842236406331555
3132,5,1976,1976,1868,10304,1,399,381,1,12.193498926601634
5346,8,2006,2007,2828,9965,1,316,1150,1,12.959540872420414
2012,5,1959,1959,1006,9000,0,718,288,1,11.289794413577894
1876,4,1941,1950,924,12180,0,324,348,0,11.289794413577894
2843,5,1928,1950,1576,6240,0,1042,0,1,11.91170829631447
2999,6,1985,1985,1298,11200,1,40,1258,1,12.100717685412471
2502,7,1941,1950,1564,12000,0,429,275,1,12.069685751267224
1971,7,1926,1950,1111,5700,0,572,0,1,11.669082701743504
2456,7,1920,1988,1482,9000,0,26,624,1,11.870606902224587
2170,6,1950,1950,932,8280,1,932,0,1,11.728044909070785
3460,5,1959,1959,1466,17755,0,1290,176,1,11.917730355182513
3354,6,1956,2004,1811,14115,1,230,296,1,12.345838935721968
2064,6,1930,2007,816,5890,0,278,538,1,11.699413330633599
3176,7,1965,1988,1820,13700,1,410,454,1,12.215037342290755
3402,5,1976,2004,1437,10768,1,280,1157,1,12.292254928916668
2986,5,1965,1999,1265,9350,1,586,633,1,12.100161978566867
3254,7,2007,2008,1314,5001,1,410,904,1,12.345838935721968
3990,8,2007,2008,1580,11932,1,1580,0,1,12.367889578686164
3317,6,1974,1974,1876,9120,1,459,442,1,12.128116509451258
2751,6,1978,1978,1456,2280,0,544,311,1,11.891368749982085
3860,6,1954,2006,1640,14778,1,568,728,1,12.319405795112926
2238,5,1968,1968,894,8724,0,402,492,1,11.767575435251748
2856,4,1969,1969,1258,12900,0,0,1198,1,11.59873612138334
3380,5,1978,1978,1432,16157,1,289,680,1,12.175618592671356
3648,7,2009,2009,1502,9541,1,1502,0,1,12.359527368950229
4164,8,2008,2008,1694,10475,1,1694,0,1,12.41044511731981
3102,6,2000,2000,1671,10852,0,173,786,1,12.06105265381003
3775,6,1935,1986,2108,13728,1,501,626,1,12.367345048436391
6364,10,1995,1996,3627,35760,1,543,1387,1,13.345508528717259
2572,6,1977,1977,1118,9880,0,574,522,1,12.049424683420915
2955,6,1958,1958,1261,9120,0,599,662,1,12.001511614739405
2500,7,2006,2007,1250,4017,1,625,0,1,12.05467400868968
4205,5,1946,1994,3086,18030,1,977,152,1,12.208574513247495
3657,6,1932,1950,2345,16560,0,449,503,1,12.384223015005313
5096,8,1992,2000,2872,10678,1,983,700,1,12.560247968016562
2063,5,1984,1985,923,6951,0,218,658,1,11.691080018519527
2252,6,1926,2004,1224,3950,0,350,468,1,11.652696102959753
2260,5,1921,1950,1343,7681,0,731,0,1,11.950541482162043
1124,5,1954,1954,1124,8335,0,0,0,1,11.440365524765756
4423,7,1990,1991,2514,11170,0,0,1216,1,12.429220196836383
3734,8,2008,2008,1652,5587,1,120,1480,1,12.880294363972055
7685,10,1996,1996,4476,15623,1,300,2096,1,13.521140839642674
2970,5,1920,1950,1130,10800,0,299,821,1,11.695255355062795
4139,5,1963,1963,1572,35133,0,413,1159,1,12.137263685701864
2397,5,1924,1950,1221,9738,0,392,392,1,11.560772327227417
3097,3,1900,1970,1699,10615,0,538,440,1,11.461642696843066
4005,8,1994,1995,1624,12461,1,168,1456,1,12.476103599529843
2984,7,2002,2002,1660,8935,1,831,0,1,12.180759965737863
3240,7,1999,1999,1804,7500,1,994,0,1,12.149507585033072
4227,4,1961,1975,1622,32463,0,90,1159,1,12.031725210748633
2709,8,1999,2000,1441,2645,1,776,0,1,12.066816325306588
2424,5,1925,1994,1472,9600,1,702,0,1,11.736077016252437
2850,6,1999,1999,1224,4500,0,341,883,1,12.013706813470414
2314,6,1969,1969,1352,9364,0,292,371,1,11.970356641102999
2584,6,2005,2005,1456,8029,1,728,0,1,12.07824495582233
3402,7,2006,2006,1863,14054,1,879,0,1,12.29779001527865
2730,7,1916,1950,1690,8850,0,815,0,1,11.87757552297847
2997,7,2001,2001,1212,9100,1,1212,0,1,12.08954444723597
2892,4,1963,1979,1382,11235,0,504,547,1,11.904974309480183
2008,4,1970,1970,864,9353,0,864,0,1,11.6617850286409
3191,7,1998,1998,1779,10400,1,866,0,1,12.19552218463499
2448,5,1925,1997,1348,6000,0,884,0,1,11.669937760751914
3711,7,2000,2001,1630,9750,1,1630,0,1,12.269052139516223
2625,5,1975,1975,1074,10140,0,268,788,1,11.941462360646149
5055,7,1990,1991,2196,14684,1,1496,485,1,12.513193308436527
2496,4,1966,1966,1056,8900,0,0,1056,1,11.580593459194764
3926,6,2003,2003,1700,9135,1,1342,340,1,12.206077645517674
2720,5,1962,1980,1283,7763,0,319,504,1,11.849404844423074
3820,8,2006,2006,1660,10182,1,440,1220,1,12.577639650232573
3362,6,1992,1992,1845,11218,1,1055,0,1,12.149507585033072
2803,8,1988,2005,1752,12134,0,132,427,1,12.00762780434872
1578,4,1941,1950,672,9340,0,328,344,1,11.635151947212842
1972,4,1965,2001,960,10246,0,0,648,1,11.884495917930655
2224,5,1962,1962,999,10205,0,141,784,1,11.80932691294063
2172,5,1966,1966,894,7094,0,340,180,1,11.736077016252437
2441,6,1978,1978,1902,8930,0,0,0,1,11.626263078808801
3166,8,2009,2009,1314,8640,1,364,936,1,12.343470927093518
912,4,1947,1950,912,6240,0,0,0,0,11.296024885689746
1890,6,1971,1971,1218,1680,0,672,0,1,11.424105180165641
2112,5,1964,1964,912,7800,0,0,312,1,11.652696102959753
2485,5,1968,1968,1211,8250,0,210,250,1,11.80560254159177
3201,6,1949,1950,1846,10496,0,844,196,1,11.870606902224587
4800,5,1951,1951,2136,10680,0,1380,756,0,11.834291315386718
2666,7,2004,2005,1490,15384,1,64,724,1,12.122696471358964
1990,6,1958,1958,1138,10482,0,81,507,1,11.884495917930655
3495,6,2007,2007,1933,14598,1,894,0,1,12.273735966890268
2400,5,1965,2008,912,8872,1,317,595,1,11.898194668458823
4456,9,2008,2008,1702,8769,1,162,1540,1,12.813920618864572
2986,5,1960,1960,1507,7910,0,409,666,1,11.751950239425476
4581,5,1977,1977,2620,18890,0,652,498,1,12.154784614286667
2836,5,1962,1962,1190,7728,0,303,803,1,11.794345471549745
1686,4,1962,1962,1224,9842,0,0,0,1,11.530775206233024
2907,5,1959,1959,1188,12160,0,188,1000,1,11.863589378812122
2904,5,1911,1950,1964,8525,0,940,0,0,11.775297421715827
2711,5,1914,1950,1784,13132,0,747,0,1,11.841423131921784
2864,7,2003,2003,1626,2628,1,764,0,1,12.075400019877522
3229,7,2004,2005,1948,12393,1,847,0,1,12.180759965737863
2766,6,2005,2005,1141,13072,0,1141,0,1,11.86710429621008
3432,8,2006,2006,1484,9037,1,1048,428,1,12.490879338036375
3195,7,2003,2003,1768,8158,1,334,550,1,12.323415584358154
4332,7,2007,2007,1689,9849,1,1689,0,1,12.42250975887691
2754,7,1974,1974,1173,10625,1,0,885,1,12.04355959836804
5002,10,2006,2006,2076,13891,1,690,1386,1,13.049794835104816
2709,8,1929,1950,1517,11435,1,792,0,1,12.345838935721968
2930,6,1984,2003,1868,12090,0,585,0,1,12.08954444723597
2924,7,2005,2006,1553,8125,1,756,0,1,12.136191879981927
2934,6,1976,1976,1034,12328,0,473,539,1,12.042971193457888
3189,6,1917,1950,2058,9600,0,416,319,0,11.771443882099637
2140,5,1950,1950,988,7200,0,246,534,1,11.686887175419702
4742,7,1968,1968,2110,11160,1,1045,1065,1,12.404927602627597
3288,7,2003,2003,1405,3136,1,1405,0,1,12.053801032483948
2026,5,1968,1968,874,9858,0,354,510,1,11.775297421715827
3877,7,1974,2003,2167,17542,1,36,125,1,12.591338447675579
2799,7,2003,2004,1656,6931,1,746,0,1,12.016128107502665
2811,6,1931,1950,1367,6240,0,459,425,1,11.755879486687116
4664,8,1994,1994,1987,14303,1,672,1314,1,12.616528611893463
1728,5,1922,1950,864,4060,0,864,0,1,11.511934974596555
2422,7,2005,2005,1166,9587,1,201,655,1,12.154784614286667
2568,6,1969,1969,1054,9750,0,14,602,1,11.92504173829169
3018,6,1999,1999,1675,24682,0,841,0,1,12.10625783509458
2438,5,1956,1956,1050,9600,0,546,504,1,11.766799946849087
3196,4,1957,1989,1788,11250,0,1104,0,1,11.992266613576142
3108,6,1919,1950,1824,13515,0,764,0,1,12.103491596905931
3253,6,1998,1999,1337,4060,1,1139,266,1,12.10625783509458
2649,7,1999,1999,1452,3735,1,241,450,1,12.12215284831553
3122,7,1910,1950,1889,10120,0,925,0,0,11.711784520403112
4766,9,2008,2009,2018,13214,1,2002,0,1,12.843973993864076
5189,8,1935,1997,3447,14100,1,536,192,1,12.850557278777309
2713,5,1958,1958,1524,11344,0,414,460,1,11.87757552297847
3442,7,1979,1979,1524,23595,1,74,1258,1,12.468440756144114
3440,6,1968,1968,1489,9156,1,1489,0,1,12.132162346145595
2158,5,1965,1965,935,13526,0,0,560,1,11.827743504053695
2688,6,1959,2006,1357,11512,1,300,719,1,12.083910661257521
2463,5,1910,2003,1250,5362,0,661,0,1,11.842236406331555
3248,5,1948,1950,1920,11345,0,708,220,1,11.827743504053695
2615,6,1972,1972,1395,12936,0,130,593,1,11.995357787034976
3884,6,1967,1976,1724,17871,0,1152,528,1,12.19552218463499
3736,8,2002,2002,2031,9473,1,324,804,1,12.37581963951765
2354,4,1920,1950,1128,7500,0,698,0,1,11.133142723386813
3690,7,2002,2002,1573,9808,1,785,788,1,12.33270970174018
3132,7,1990,1990,1339,8049,0,256,1053,1,12.100717685412471
2564,5,1977,2008,1040,8800,1,364,532,1,11.921725007667265
2736,6,1971,1971,1824,9400,0,912,0,1,11.842236406331555
3587,6,1919,1990,2447,9638,1,804,0,1,12.037659911047468
2472,6,1939,1950,1412,6000,0,780,0,1,11.794345471549745
3184,6,1963,1963,1328,9790,0,678,569,1,11.870606902224587
3596,5,1964,1964,1582,36500,0,812,812,1,12.154784614286667
3659,8,2000,2000,1659,5664,1,343,1158,1,12.535379989788607
3808,8,2006,2006,1970,11065,1,1085,0,1,12.546113507028412
2788,5,1964,1964,1152,14112,0,138,1014,1,12.103491596905931
2196,5,1972,1972,1302,1680,0,399,231,1,11.691080018519527
3798,5,1892,1965,2372,6600,0,994,0,0,11.58525542883217
3024,7,1976,1976,1664,10140,0,638,194,1,12.000897933306716
2300,5,1955,1990,864,8172,0,697,167,1,11.652696102959753
2392,5,1968,1968,1052,8400,0,36,1016,1,11.83863282480007
2773,5,1963,1963,1128,8700,0,344,776,1,11.951186847493476
2144,6,2005,2006,1072,3675,0,0,547,1,11.849404844423074
13170,10,2008,2008,5642,63887,1,466,5644,1,11.982935344196433
2797,5,1959,1994,1246,7500,1,0,340,1,11.944714374881176
3451,7,1999,1999,1983,10762,1,284,694,1,12.323860125621126
2478,6,1942,1950,1494,7500,1,224,547,1,12.086731521684555
4535,8,1994,1994,2526,10120,1,425,740,1,12.577639650232573
4066,7,2005,2005,1616,8688,1,1616,0,1,12.354496960983985
3064,7,2004,2004,1708,3363,1,976,0,1,11.775297421715827
4144,9,2006,2007,1652,13173,1,80,1572,1,12.691583538230217
3210,7,2005,2006,1368,6955,1,1368,0,1,12.218500103788143
2460,5,1994,1995,990,8072,0,244,746,1,11.835016210489899
2574,5,1948,2005,1122,12000,1,172,144,1,11.898194668458823
3068,6,1991,1991,1294,7153,1,78,1200,1,12.09626335986454
4371,7,1959,2002,1902,17500,1,496,1406,1,12.721888795877375
3056,7,2005,2007,1274,8814,1,349,925,1,12.220966184120165
5013,8,1990,1990,2810,9572,1,971,482,1,12.618185607609803
4771,9,1999,1999,2599,14774,1,1393,0,1,12.716405147731708
2176,4,1954,1954,948,8190,0,216,732,1,11.686887175419702
3640,6,1969,1969,2112,11075,0,176,500,1,12.239995696974733
4112,8,2008,2008,1630,10226,1,1622,0,1,12.596403811053621
3170,7,2006,2007,1352,4230,1,1352,0,1,12.249615734512616
4288,8,2001,2002,1787,14781,1,1753,0,1,12.524530013005734
2060,4,1954,1954,948,10215,0,372,492,1,11.6172944892629
3398,6,1957,1957,1478,8400,0,628,189,1,11.960817678718287
1007,3,1949,1950,720,6627,0,0,0,0,11.19135563385109
3237,7,1992,1992,1923,10186,1,76,674,1,12.154784614286667
1128,4,1940,1950,708,5330,0,140,280,1,11.320565693461432
4485,8,2006,2007,1795,9986,1,1795,0,1,11.898194668458823
1592,4,1922,1950,796,3636,0,796,0,0,10.915106645867503
1318,3,1931,2006,774,4270,1,0,544,1,11.277215789596893
1896,5,1982,2008,816,6600,1,175,641,1,11.779136168550774
4822,6,1920,1950,2792,10440,0,1017,493,1,12.45293662970407
3029,7,1998,1998,1632,9084,0,935,0,1,12.081081821061819
4001,8,2006,2006,1588,10000,1,1588,0,1,12.33270970174018
2441,5,1976,1976,954,10780,0,428,483,1,11.794345471549745
1920,4,1938,1958,816,8877,0,126,690,1,11.51293546492023
2460,5,1938,1995,1360,7200,1,803,0,1,11.74006900564972
2570,5,1970,1970,1365,2368,0,0,765,1,11.736077016252437
3314,6,1977,1977,1334,9650,0,664,686,1,12.031129798974042
3818,5,1973,1973,1656,9246,0,1656,0,1,11.813037464800539
1386,4,1941,1950,693,4118,0,693,0,0,10.868587496017359
3269,7,2002,2002,1861,13450,1,216,700,1,12.206077645517674
2016,5,1972,1972,864,9560,0,504,360,1,11.763691965388299
2210,4,1971,1971,872,8294,0,858,0,1,11.719947764402807
2804,6,2003,2004,1114,13695,1,300,814,1,11.951186847493476
4100,8,2002,2002,2169,9375,1,1284,0,1,12.339295865674435
3151,6,1928,1950,1913,7558,0,896,0,1,12.083910661257521
2624,7,2006,2006,1456,11103,1,728,0,1,11.95655945119582
2228,4,1920,1950,960,6000,0,710,250,1,11.59451466851004
4232,7,1968,2003,2156,20781,0,1203,297,1,12.47801017053037
4220,8,2006,2007,1776,15306,1,1652,80,1,12.554840409959793
3490,7,1998,1998,1494,16196,1,39,1443,1,12.278397958261774
2837,8,1872,1987,2358,5250,0,425,259,0,11.711784520403112
4850,5,1969,1969,2634,11643,0,748,500,1,12.206077645517674
3064,6,1962,1962,1716,9247,0,539,319,1,12.049424683420915
2498,6,1937,2000,1176,6000,0,698,0,1,11.812296455066814
5937,8,1995,1996,3238,14720,1,1217,816,1,12.923914877701906
3696,7,2000,2000,1865,10316,1,257,735,1,12.367345048436391
2977,7,1968,1992,1920,10192,1,570,0,1,12.04355959836804
2020,5,1966,1966,892,9477,0,524,340,1,11.608244735642321
2656,5,1971,2008,1078,12537,0,344,734,1,11.917730355182513
2769,6,2000,2000,1573,2117,1,378,378,1,12.086731521684555
4730,9,2004,2005,1980,16737,1,533,1447,1,12.660331092405906
3834,5,1921,1998,2601,9842,0,612,0,1,12.149507585033072
3490,7,2005,2005,1530,16158,1,256,1274,1,12.468440756144114
2821,4,1920,2007,1738,12513,0,715,0,1,11.560772327227417
2460,6,2006,2007,1412,8499,1,616,0,1,11.963574241653713
2200,7,2005,2005,1200,3180,1,600,0,1,11.878630514504515
3151,7,2000,2000,1674,7500,1,281,533,1,12.283038316285214
3251,7,1999,1999,1790,9179,1,240,633,1,12.170450649220749
2568,5,1977,1977,1475,2665,0,36,548,1,11.751950239425476
2116,6,2003,2004,848,4435,1,163,685,1,11.87757552297847
3827,8,2003,2003,1668,10635,1,315,370,1,12.354496960983985
2552,4,1920,1950,1374,5400,0,420,315,1,11.561725152903833
3030,6,1955,1996,1661,9600,1,161,831,1,12.016732516077072
3788,7,1998,1998,2097,9750,1,133,975,1,12.521981322562505
6070,10,2001,2002,2633,11400,1,1351,1282,1,13.05301544288996
3920,7,2005,2005,1958,10625,1,1026,0,1,12.429220196836383
3864,8,2007,2007,1571,10991,1,1571,0,1,12.384223015005313
1718,6,1930,1950,790,6292,0,384,384,0,11.418625774449598
3248,5,1941,1960,1604,10998,0,156,408,1,11.669937760751914
1734,6,1973,1973,987,1953,0,174,309,1,11.326607934898927
2178,5,2006,2007,1394,9735,1,384,0,1,12.02874460037869
1928,3,1914,1950,864,8212,0,661,203,0,10.97679912709094
3872,6,1970,1970,2117,12925,0,340,865,1,12.377927112974284
2934,7,1920,1950,1762,7200,1,596,0,1,11.964007453736912
2808,5,1918,2007,1416,25339,1,816,0,1,11.626263078808801
2098,6,1939,1950,1258,9060,0,356,204,1,11.561725152903833
2190,4,1922,2007,1154,5436,1,61,735,1,11.74006900564972
4740,7,1978,1978,2784,16692,1,133,790,1,12.429220196836383
3456,6,1916,1950,2526,8520,1,0,168,0,11.820417517632333
4250,9,2006,2007,1746,14892,1,426,1320,1,12.84132849667433
2393,6,1941,1950,1218,6000,0,360,375,1,11.782960235741939
3591,7,2000,2000,1525,9100,1,125,1400,1,12.367345048436391
3960,5,1967,1967,1584,8944,0,1584,0,1,11.728044909070785
2052,5,1967,1967,900,7838,0,95,769,1,11.719947764402807
3066,6,1905,2000,1912,10800,0,482,0,0,12.001511614739405
3504,7,2006,2006,1500,4045,1,286,1070,1,12.415437707935368
4218,8,2005,2006,2482,12665,1,1094,0,1,12.546871224308068
3006,5,1948,1950,1687,57200,0,60,353,1,11.982935344196433
2632,5,1920,2004,1513,6120,0,939,0,1,11.83138646878959
3352,5,1950,1982,1904,7200,0,676,180,1,11.835016210489899
2800,6,1925,1990,1608,6171,1,712,264,1,11.831022768939789
2228,6,1929,1950,1158,6000,0,862,0,1,11.695255355062795
2830,6,2004,2004,1593,7415,0,80,759,1,12.170450649220749
3242,7,2006,2006,1294,6762,1,1286,0,1,12.174994689959313
3703,8,2007,2007,1464,15256,1,556,929,1,12.552930054797935
2822,3,1915,1950,1214,10410,0,672,0,1,11.561725152903833
3722,8,2004,2005,1646,3842,1,221,1373,1,12.524530013005734
1932,5,1972,2007,768,8445,0,112,656,1,11.798111925972618
1666,5,1985,1985,833,8780,0,208,625,1,11.626263078808801
2513,4,1910,1950,1363,7740,0,622,0,1,11.74006900564972
3426,7,1986,1991,2093,20544,0,791,0,1,12.278397958261774
3406,7,2001,2001,1840,12420,1,278,666,1,12.345838935721968
2795,6,1950,2005,1668,9600,0,736,120,1,11.849404844423074
1460,4,1949,1950,1040,7200,0,0,0,0,11.407576060361786
4308,8,2005,2006,1844,10994,1,868,976,1,12.456835254920371
3051,6,1923,2000,1848,13053,1,833,0,1,12.240478903153711
3615,7,2007,2007,1569,3635,1,398,988,1,12.077676615757813
3627,4,1885,1950,2290,11340,0,777,0,1,11.715874472198905
4803,8,1998,1998,2450,16545,1,503,781,1,12.73670383776449
2624,5,1963,1963,1144,9204,0,247,25,1,11.728044909070785
4228,6,1969,1969,1844,16381,1,734,1110,1,12.314931534737134
2900,6,1968,1968,1416,11700,0,304,404,1,12.100161978566867
2578,6,1977,1977,1069,4043,0,709,360,1,11.755879486687116
2116,6,2003,2003,848,4435,1,162,686,1,11.824087219587643
3330,6,1966,1966,2201,19690,1,697,0,1,12.524420916542532
2852,5,1958,1983,1344,9503,0,193,457,1,11.87757552297847
3032,6,1959,1959,1252,10721,1,1252,0,1,11.863589378812122
3875,7,1994,1994,2127,10944,1,223,1000,1,12.509877789891931
2759,5,1945,1950,1558,10930,0,333,580,1,11.849404844423074
1832,5,1940,1992,804,7200,1,278,510,1,11.686887175419702
3347,6,1981,1981,1440,12546,1,762,678,1,12.116700301832573
2942,5,2005,2005,1838,21930,0,732,0,1,12.165984756488543
2356,6,1976,1976,958,4928,0,0,958,1,11.87583791515714
1840,4,1927,2007,968,10800,0,656,0,1,11.07443600653965
3179,6,2000,2000,1792,10261,0,936,0,1,12.136191879981927
2736,5,1977,1977,1126,17400,0,190,936,1,11.982935344196433
3318,6,1962,2005,1537,8400,1,1319,0,1,12.066816325306588
2256,4,1971,1971,864,9000,0,248,616,1,11.699413330633599
4638,8,2008,2008,1932,12444,1,596,1336,1,12.885673487343764
3071,6,1957,1996,1236,7407,0,312,600,1,11.916395250412128
2814,7,1979,1979,1725,11584,0,114,315,1,12.190964083849375
3431,6,1922,1994,2555,11526,0,588,0,1,12.160033942617156
2116,6,2004,2004,848,4426,1,151,697,1,11.913719681428494
3836,10,2008,2008,2007,11003,1,252,765,1,12.644330802262578
2096,6,1916,1950,952,8854,0,952,0,0,11.703554089007538
3470,7,2004,2004,1422,8500,1,1422,0,1,12.098493002763465
1967,6,1966,1966,913,8400,0,0,187,1,11.767575435251748
2688,5,1962,1962,1188,26142,0,595,593,1,11.969723533345908
3866,8,1995,1996,2090,10000,1,141,1079,1,12.388398368982115
2290,4,1910,2000,1346,11767,0,560,0,0,11.626263078808801
1260,5,1970,1970,630,1533,1,77,553,1,11.429554725537322
2688,5,1974,1974,1792,9000,0,896,0,1,11.820417517632333
3991,8,2008,2009,1578,9262,1,1573,0,1,12.567554517655415
2144,5,2005,2005,1072,3675,0,0,547,1,11.884495917930655
2280,5,2006,2006,1140,17217,0,1140,0,1,11.344518647594766
2842,7,2004,2005,1221,7500,1,811,410,1,12.128116509451258
3060,6,1999,2000,1647,7917,0,953,0,1,12.07254696717504
4115,6,1978,1988,2073,13175,0,589,790,1,12.25486757159303
3744,7,1941,2006,2340,9042,1,877,275,1,12.493133274926212
2396,5,1950,1996,1078,9717,1,0,49,1,11.864469267087891
2788,5,1965,1965,1256,9937,0,136,830,1,11.901590234400047
